loss_clickbait,loss_kategori,epoch,step,loss,grad_norm,learning_rate,eval_loss,eval_runtime,eval_samples_per_second,eval_steps_per_second,train_runtime,train_samples_per_second,train_steps_per_second,total_flos,train_loss
1.5150271654129028,2.1426596641540527,0.0,0,,,,,,,,,,,,
1.3856961727142334,2.203827381134033,0.002770083102493075,1,,,,,,,,,,,,
1.5778448581695557,2.137904167175293,0.00554016620498615,2,,,,,,,,,,,,
1.4304252862930298,2.1858882904052734,0.008310249307479225,3,,,,,,,,,,,,
1.2787346839904785,2.1838884353637695,0.0110803324099723,4,,,,,,,,,,,,
1.1278480291366577,1.788861870765686,0.013850415512465374,5,,,,,,,,,,,,
1.3945162296295166,2.277064800262451,0.01662049861495845,6,,,,,,,,,,,,
1.2046104669570923,2.020252227783203,0.019390581717451522,7,,,,,,,,,,,,
1.270401954650879,2.0885415077209473,0.0221606648199446,8,,,,,,,,,,,,
1.2518842220306396,2.245619297027588,0.024930747922437674,9,,,,,,,,,,,,
1.3372942209243774,1.855700135231018,0.027700831024930747,10,,,,,,,,,,,,
1.2870625257492065,2.095395088195801,0.030470914127423823,11,,,,,,,,,,,,
1.61849844455719,2.3793463706970215,0.0332409972299169,12,,,,,,,,,,,,
1.2014554738998413,1.5438026189804077,0.036011080332409975,13,,,,,,,,,,,,
1.325656771659851,1.8098424673080444,0.038781163434903045,14,,,,,,,,,,,,
0.9252137541770935,2.0123913288116455,0.04155124653739612,15,,,,,,,,,,,,
1.2139184474945068,2.143542528152466,0.0443213296398892,16,,,,,,,,,,,,
0.8465859889984131,1.3519712686538696,0.04709141274238227,17,,,,,,,,,,,,
1.0861475467681885,2.080465078353882,0.04986149584487535,18,,,,,,,,,,,,
0.9829647541046143,1.7625770568847656,0.05263157894736842,19,,,,,,,,,,,,
1.115757942199707,1.9225084781646729,0.055401662049861494,20,,,,,,,,,,,,
1.072637677192688,1.654388427734375,0.05817174515235457,21,,,,,,,,,,,,
1.2311406135559082,2.0726475715637207,0.060941828254847646,22,,,,,,,,,,,,
1.2443822622299194,1.8879892826080322,0.06371191135734072,23,,,,,,,,,,,,
1.0945619344711304,1.7225619554519653,0.0664819944598338,24,,,,,,,,,,,,
0.6814137697219849,2.0838658809661865,0.06925207756232687,25,,,,,,,,,,,,
1.0926964282989502,1.393964409828186,0.07202216066481995,26,,,,,,,,,,,,
1.6693377494812012,2.314321994781494,0.07479224376731301,27,,,,,,,,,,,,
0.7073991298675537,2.06451153755188,0.07756232686980609,28,,,,,,,,,,,,
1.5316870212554932,1.8906060457229614,0.08033240997229917,29,,,,,,,,,,,,
1.1702697277069092,1.603142261505127,0.08310249307479224,30,,,,,,,,,,,,
1.0725950002670288,1.7212551832199097,0.08587257617728532,31,,,,,,,,,,,,
1.1799107789993286,1.4884512424468994,0.0886426592797784,32,,,,,,,,,,,,
1.1219799518585205,1.6842620372772217,0.09141274238227147,33,,,,,,,,,,,,
0.7825316786766052,1.0583428144454956,0.09418282548476455,34,,,,,,,,,,,,
1.277064323425293,2.211973190307617,0.09695290858725762,35,,,,,,,,,,,,
0.6926376223564148,1.387110948562622,0.0997229916897507,36,,,,,,,,,,,,
1.183380126953125,2.3562426567077637,0.10249307479224377,37,,,,,,,,,,,,
0.7411564588546753,1.524441123008728,0.10526315789473684,38,,,,,,,,,,,,
0.9395298361778259,1.5260956287384033,0.10803324099722991,39,,,,,,,,,,,,
0.9999955892562866,1.1440112590789795,0.11080332409972299,40,,,,,,,,,,,,
0.739129900932312,1.477765679359436,0.11357340720221606,41,,,,,,,,,,,,
1.035786509513855,1.8872251510620117,0.11634349030470914,42,,,,,,,,,,,,
0.7077438235282898,2.0892269611358643,0.11911357340720222,43,,,,,,,,,,,,
1.161461353302002,1.9631938934326172,0.12188365650969529,44,,,,,,,,,,,,
0.9806347489356995,1.6829344034194946,0.12465373961218837,45,,,,,,,,,,,,
1.0249086618423462,2.1596193313598633,0.12742382271468145,46,,,,,,,,,,,,
0.7940660715103149,1.58882474899292,0.13019390581717452,47,,,,,,,,,,,,
1.255363941192627,2.049093246459961,0.1329639889196676,48,,,,,,,,,,,,
0.8241807818412781,1.5895923376083374,0.13573407202216067,49,,,,,,,,,,,,
,,0.13850415512465375,50,2.9979,26.265596389770508,1.909510618651893e-05,,,,,,,,,
0.9749380350112915,1.4234683513641357,0.13850415512465375,50,,,,,,,,,,,,
,,0.13850415512465375,50,,,,2.7130939960479736,21.8865,28.237,3.564,,,,,
1.0049015283584595,1.7323564291000366,0.14127423822714683,51,,,,,,,,,,,,
1.046805739402771,2.200533390045166,0.1440443213296399,52,,,,,,,,,,,,
0.82024085521698,1.1676932573318481,0.14681440443213298,53,,,,,,,,,,,,
0.9322682023048401,2.133026599884033,0.14958448753462603,54,,,,,,,,,,,,
0.6615801453590393,1.5368925333023071,0.1523545706371191,55,,,,,,,,,,,,
0.6098197102546692,1.7707159519195557,0.15512465373961218,56,,,,,,,,,,,,
0.6880418062210083,1.6917284727096558,0.15789473684210525,57,,,,,,,,,,,,
1.9221328496932983,1.6606197357177734,0.16066481994459833,58,,,,,,,,,,,,
1.3568406105041504,1.5375149250030518,0.1634349030470914,59,,,,,,,,,,,,
0.7577457427978516,1.6280782222747803,0.16620498614958448,60,,,,,,,,,,,,
1.1652621030807495,1.428106427192688,0.16897506925207756,61,,,,,,,,,,,,
1.1410292387008667,1.8957198858261108,0.17174515235457063,62,,,,,,,,,,,,
1.395827054977417,1.735443115234375,0.1745152354570637,63,,,,,,,,,,,,
1.0265475511550903,1.4848589897155762,0.1772853185595568,64,,,,,,,,,,,,
0.7702685594558716,2.08231258392334,0.18005540166204986,65,,,,,,,,,,,,
0.8055961728096008,1.7090870141983032,0.18282548476454294,66,,,,,,,,,,,,
1.0030301809310913,1.1865012645721436,0.18559556786703602,67,,,,,,,,,,,,
1.0201632976531982,1.6331130266189575,0.1883656509695291,68,,,,,,,,,,,,
1.265279769897461,1.726697564125061,0.19113573407202217,69,,,,,,,,,,,,
0.8325125575065613,1.4106848239898682,0.19390581717451524,70,,,,,,,,,,,,
0.530088484287262,1.6632335186004639,0.19667590027700832,71,,,,,,,,,,,,
0.6717811822891235,1.7244163751602173,0.1994459833795014,72,,,,,,,,,,,,
1.3323439359664917,1.80234694480896,0.20221606648199447,73,,,,,,,,,,,,
0.8525772094726562,1.733151912689209,0.20498614958448755,74,,,,,,,,,,,,
0.70268714427948,1.5998425483703613,0.2077562326869806,75,,,,,,,,,,,,
1.6555718183517456,1.644153356552124,0.21052631578947367,76,,,,,,,,,,,,
1.3835453987121582,1.9895544052124023,0.21329639889196675,77,,,,,,,,,,,,
0.7998427152633667,1.2449944019317627,0.21606648199445982,78,,,,,,,,,,,,
0.5711577534675598,1.7136729955673218,0.2188365650969529,79,,,,,,,,,,,,
0.8297629356384277,1.447272539138794,0.22160664819944598,80,,,,,,,,,,,,
0.5421664714813232,1.8496867418289185,0.22437673130193905,81,,,,,,,,,,,,
0.6067761778831482,1.1836905479431152,0.22714681440443213,82,,,,,,,,,,,,
1.2199496030807495,0.9793786406517029,0.2299168975069252,83,,,,,,,,,,,,
1.103046178817749,1.4102356433868408,0.23268698060941828,84,,,,,,,,,,,,
1.098905324935913,1.6201225519180298,0.23545706371191136,85,,,,,,,,,,,,
0.923330545425415,1.4408766031265259,0.23822714681440443,86,,,,,,,,,,,,
1.1252899169921875,1.8372108936309814,0.2409972299168975,87,,,,,,,,,,,,
0.9619356393814087,1.9398099184036255,0.24376731301939059,88,,,,,,,,,,,,
0.9380918741226196,1.9787101745605469,0.24653739612188366,89,,,,,,,,,,,,
1.5137907266616821,1.7669938802719116,0.24930747922437674,90,,,,,,,,,,,,
0.8293799757957458,1.6295230388641357,0.2520775623268698,91,,,,,,,,,,,,
1.2286734580993652,1.073235034942627,0.2548476454293629,92,,,,,,,,,,,,
1.2059096097946167,1.4581645727157593,0.25761772853185594,93,,,,,,,,,,,,
1.5954315662384033,1.8001774549484253,0.26038781163434904,94,,,,,,,,,,,,
1.036677360534668,1.07421875,0.2631578947368421,95,,,,,,,,,,,,
0.7748067378997803,1.4460846185684204,0.2659279778393352,96,,,,,,,,,,,,
0.6891372203826904,1.4718362092971802,0.26869806094182824,97,,,,,,,,,,,,
0.7763375639915466,1.7318787574768066,0.27146814404432135,98,,,,,,,,,,,,
1.2517294883728027,1.165645718574524,0.2742382271468144,99,,,,,,,,,,,,
,,0.2770083102493075,100,2.6238,16.75605010986328,1.8171745152354573e-05,,,,,,,,,
0.9674417972564697,0.8645956516265869,0.2770083102493075,100,,,,,,,,,,,,
,,0.2770083102493075,100,,,,2.1756556034088135,21.037,29.377,3.708,,,,,
1.021328091621399,0.7356518507003784,0.27977839335180055,101,,,,,,,,,,,,
0.9164759516716003,1.1758160591125488,0.28254847645429365,102,,,,,,,,,,,,
1.0073977708816528,1.7396353483200073,0.2853185595567867,103,,,,,,,,,,,,
0.7883865237236023,1.3713274002075195,0.2880886426592798,104,,,,,,,,,,,,
1.0701841115951538,1.9143294095993042,0.29085872576177285,105,,,,,,,,,,,,
1.238065481185913,1.5565123558044434,0.29362880886426596,106,,,,,,,,,,,,
1.0508294105529785,1.4788063764572144,0.296398891966759,107,,,,,,,,,,,,
0.6409388780593872,1.1998273134231567,0.29916897506925205,108,,,,,,,,,,,,
1.1579792499542236,1.1430623531341553,0.30193905817174516,109,,,,,,,,,,,,
1.1196842193603516,1.5885452032089233,0.3047091412742382,110,,,,,,,,,,,,
1.0798869132995605,1.065212368965149,0.3074792243767313,111,,,,,,,,,,,,
0.8610547780990601,1.5969274044036865,0.31024930747922436,112,,,,,,,,,,,,
0.7463777661323547,0.946834921836853,0.31301939058171746,113,,,,,,,,,,,,
1.1446309089660645,1.3691136837005615,0.3157894736842105,114,,,,,,,,,,,,
1.0633724927902222,1.0221143960952759,0.3185595567867036,115,,,,,,,,,,,,
0.7029882669448853,0.7633315920829773,0.32132963988919666,116,,,,,,,,,,,,
0.6493432521820068,0.9981133937835693,0.32409972299168976,117,,,,,,,,,,,,
1.0924770832061768,1.056081771850586,0.3268698060941828,118,,,,,,,,,,,,
1.4311314821243286,1.2907944917678833,0.3296398891966759,119,,,,,,,,,,,,
0.7547808885574341,0.9462367296218872,0.33240997229916897,120,,,,,,,,,,,,
1.276167392730713,1.122910499572754,0.33518005540166207,121,,,,,,,,,,,,
1.133178949356079,0.7625659704208374,0.3379501385041551,122,,,,,,,,,,,,
1.0290154218673706,0.8270994424819946,0.3407202216066482,123,,,,,,,,,,,,
1.0342715978622437,1.7215690612792969,0.34349030470914127,124,,,,,,,,,,,,
0.5644838809967041,1.1066770553588867,0.3462603878116344,125,,,,,,,,,,,,
0.8836379051208496,0.8670761585235596,0.3490304709141274,126,,,,,,,,,,,,
1.1805858612060547,1.0681583881378174,0.3518005540166205,127,,,,,,,,,,,,
1.3150486946105957,1.228594183921814,0.3545706371191136,128,,,,,,,,,,,,
0.7143740653991699,0.8726520538330078,0.3573407202216066,129,,,,,,,,,,,,
1.0493931770324707,1.1295788288116455,0.3601108033240997,130,,,,,,,,,,,,
0.6480733752250671,1.0638118982315063,0.3628808864265928,131,,,,,,,,,,,,
0.8335671424865723,0.7601478099822998,0.3656509695290859,132,,,,,,,,,,,,
0.7043952941894531,0.7575003504753113,0.3684210526315789,133,,,,,,,,,,,,
0.8374409675598145,1.1969844102859497,0.37119113573407203,134,,,,,,,,,,,,
0.8463810682296753,1.3806850910186768,0.3739612188365651,135,,,,,,,,,,,,
0.3308037519454956,0.829731822013855,0.3767313019390582,136,,,,,,,,,,,,
0.9660419225692749,0.6228655576705933,0.37950138504155123,137,,,,,,,,,,,,
1.066473126411438,0.6338511109352112,0.38227146814404434,138,,,,,,,,,,,,
1.3027358055114746,1.1629431247711182,0.3850415512465374,139,,,,,,,,,,,,
0.5753191709518433,0.496892511844635,0.3878116343490305,140,,,,,,,,,,,,
0.8010532259941101,1.3622995615005493,0.39058171745152354,141,,,,,,,,,,,,
1.14779531955719,0.770894467830658,0.39335180055401664,142,,,,,,,,,,,,
1.1404165029525757,1.3116074800491333,0.3961218836565097,143,,,,,,,,,,,,
1.3098160028457642,0.7458251118659973,0.3988919667590028,144,,,,,,,,,,,,
0.9921214580535889,0.8719075918197632,0.40166204986149584,145,,,,,,,,,,,,
0.9916982650756836,0.8914678692817688,0.40443213296398894,146,,,,,,,,,,,,
0.42647531628608704,1.1582751274108887,0.407202216066482,147,,,,,,,,,,,,
0.9703682065010071,1.074325680732727,0.4099722991689751,148,,,,,,,,,,,,
0.5663914680480957,1.424087405204773,0.41274238227146814,149,,,,,,,,,,,,
,,0.4155124653739612,150,2.0526,20.319744110107422,1.7248384118190212e-05,,,,,,,,,
0.9847609996795654,0.5773367881774902,0.4155124653739612,150,,,,,,,,,,,,
,,0.4155124653739612,150,,,,1.9168843030929565,21.614,28.593,3.609,,,,,
1.0370569229125977,1.0066862106323242,0.4182825484764543,151,,,,,,,,,,,,
1.3834216594696045,1.1746331453323364,0.42105263157894735,152,,,,,,,,,,,,
0.5169854164123535,1.3828704357147217,0.42382271468144045,153,,,,,,,,,,,,
0.8500708937644958,1.0611872673034668,0.4265927977839335,154,,,,,,,,,,,,
0.5883277654647827,1.2128515243530273,0.4293628808864266,155,,,,,,,,,,,,
0.8843427896499634,1.7083547115325928,0.43213296398891965,156,,,,,,,,,,,,
1.0968891382217407,1.265244960784912,0.43490304709141275,157,,,,,,,,,,,,
0.8164060115814209,1.044524908065796,0.4376731301939058,158,,,,,,,,,,,,
0.6264094114303589,0.7031567096710205,0.4404432132963989,159,,,,,,,,,,,,
0.5203818678855896,0.7593862414360046,0.44321329639889195,160,,,,,,,,,,,,
0.9194287061691284,1.5133960247039795,0.44598337950138506,161,,,,,,,,,,,,
0.5455892086029053,1.821643590927124,0.4487534626038781,162,,,,,,,,,,,,
0.43051835894584656,0.9240528345108032,0.4515235457063712,163,,,,,,,,,,,,
0.9448208808898926,0.5765140652656555,0.45429362880886426,164,,,,,,,,,,,,
1.0662732124328613,0.5123041868209839,0.45706371191135736,165,,,,,,,,,,,,
1.7012346982955933,0.5832461714744568,0.4598337950138504,166,,,,,,,,,,,,
0.9114872813224792,1.4440041780471802,0.4626038781163435,167,,,,,,,,,,,,
0.914490818977356,1.471822738647461,0.46537396121883656,168,,,,,,,,,,,,
1.1061111688613892,0.6595498323440552,0.46814404432132967,169,,,,,,,,,,,,
0.7372827529907227,0.32078850269317627,0.4709141274238227,170,,,,,,,,,,,,
0.8341808319091797,0.877504825592041,0.47368421052631576,171,,,,,,,,,,,,
0.48281243443489075,0.7652333974838257,0.47645429362880887,172,,,,,,,,,,,,
0.9469045400619507,0.7643741965293884,0.4792243767313019,173,,,,,,,,,,,,
0.5691512823104858,1.821894884109497,0.481994459833795,174,,,,,,,,,,,,
0.9402093887329102,1.1789228916168213,0.48476454293628807,175,,,,,,,,,,,,
0.775316059589386,1.038318395614624,0.48753462603878117,176,,,,,,,,,,,,
0.9627567529678345,1.7433762550354004,0.4903047091412742,177,,,,,,,,,,,,
1.320312261581421,0.9857723712921143,0.4930747922437673,178,,,,,,,,,,,,
0.643574595451355,0.7311989665031433,0.49584487534626037,179,,,,,,,,,,,,
1.38006591796875,0.9081637859344482,0.4986149584487535,180,,,,,,,,,,,,
0.9592793583869934,0.8766809105873108,0.5013850415512465,181,,,,,,,,,,,,
0.9698581695556641,1.5107368230819702,0.5041551246537396,182,,,,,,,,,,,,
0.8548845052719116,1.8993570804595947,0.5069252077562327,183,,,,,,,,,,,,
0.8998997211456299,1.548994779586792,0.5096952908587258,184,,,,,,,,,,,,
1.0014859437942505,1.0668669939041138,0.5124653739612188,185,,,,,,,,,,,,
1.0353788137435913,1.9308550357818604,0.5152354570637119,186,,,,,,,,,,,,
0.4116261601448059,1.3280587196350098,0.518005540166205,187,,,,,,,,,,,,
0.4973505437374115,1.1489551067352295,0.5207756232686981,188,,,,,,,,,,,,
0.8572534918785095,0.6983826160430908,0.5235457063711911,189,,,,,,,,,,,,
0.7728641033172607,1.352097988128662,0.5263157894736842,190,,,,,,,,,,,,
0.8780151009559631,0.22922910749912262,0.5290858725761773,191,,,,,,,,,,,,
0.866958737373352,1.0125043392181396,0.5318559556786704,192,,,,,,,,,,,,
1.0525482892990112,1.4301457405090332,0.5346260387811634,193,,,,,,,,,,,,
0.7608946561813354,0.8109365105628967,0.5373961218836565,194,,,,,,,,,,,,
1.2828443050384521,0.9973742365837097,0.5401662049861495,195,,,,,,,,,,,,
0.7676219344139099,0.7844626307487488,0.5429362880886427,196,,,,,,,,,,,,
1.8769365549087524,0.7222689986228943,0.5457063711911357,197,,,,,,,,,,,,
1.3723300695419312,0.7819380164146423,0.5484764542936288,198,,,,,,,,,,,,
0.5419219732284546,0.2475091516971588,0.5512465373961218,199,,,,,,,,,,,,
,,0.554016620498615,200,1.9654,14.478425979614258,1.6325023084025855e-05,,,,,,,,,
0.6691316366195679,0.49740833044052124,0.554016620498615,200,,,,,,,,,,,,
,,0.554016620498615,200,,,,1.674921989440918,21.2188,29.125,3.676,,,,,
0.8224086165428162,0.5975500345230103,0.556786703601108,201,,,,,,,,,,,,
0.7521178722381592,0.3564404249191284,0.5595567867036011,202,,,,,,,,,,,,
0.5482159852981567,1.0815895795822144,0.5623268698060941,203,,,,,,,,,,,,
0.7462320327758789,0.6721266508102417,0.5650969529085873,204,,,,,,,,,,,,
0.3650400638580322,1.8720930814743042,0.5678670360110804,205,,,,,,,,,,,,
1.4311864376068115,0.5235819816589355,0.5706371191135734,206,,,,,,,,,,,,
1.3289662599563599,0.6638711094856262,0.5734072022160664,207,,,,,,,,,,,,
0.7939686179161072,1.2440605163574219,0.5761772853185596,208,,,,,,,,,,,,
0.8243394494056702,1.120877742767334,0.5789473684210527,209,,,,,,,,,,,,
1.1344001293182373,0.6339631080627441,0.5817174515235457,210,,,,,,,,,,,,
0.8543114066123962,0.9602330923080444,0.5844875346260388,211,,,,,,,,,,,,
0.3337112069129944,0.9031420946121216,0.5872576177285319,212,,,,,,,,,,,,
1.2146251201629639,0.7210218906402588,0.590027700831025,213,,,,,,,,,,,,
0.42144066095352173,0.6365934610366821,0.592797783933518,214,,,,,,,,,,,,
0.5020076036453247,0.3544956147670746,0.5955678670360111,215,,,,,,,,,,,,
1.14340078830719,1.8679075241088867,0.5983379501385041,216,,,,,,,,,,,,
0.46040523052215576,0.6921051740646362,0.6011080332409973,217,,,,,,,,,,,,
0.8896046876907349,0.7118195295333862,0.6038781163434903,218,,,,,,,,,,,,
0.31470516324043274,1.0689252614974976,0.6066481994459834,219,,,,,,,,,,,,
0.8030551671981812,0.8878034949302673,0.6094182825484764,220,,,,,,,,,,,,
0.5052593946456909,0.19629886746406555,0.6121883656509696,221,,,,,,,,,,,,
0.659132719039917,0.7295102477073669,0.6149584487534626,222,,,,,,,,,,,,
0.8463864326477051,1.0438343286514282,0.6177285318559557,223,,,,,,,,,,,,
0.9245957732200623,0.418353408575058,0.6204986149584487,224,,,,,,,,,,,,
1.1479463577270508,0.5267254114151001,0.6232686980609419,225,,,,,,,,,,,,
0.9893923997879028,0.7128639221191406,0.6260387811634349,226,,,,,,,,,,,,
0.6783071756362915,1.4654651880264282,0.628808864265928,227,,,,,,,,,,,,
1.1841423511505127,0.608681321144104,0.631578947368421,228,,,,,,,,,,,,
1.2737643718719482,1.5130244493484497,0.6343490304709142,229,,,,,,,,,,,,
1.0751993656158447,0.95036381483078,0.6371191135734072,230,,,,,,,,,,,,
0.9206533432006836,1.2275609970092773,0.6398891966759003,231,,,,,,,,,,,,
1.1775484085083008,0.8929839730262756,0.6426592797783933,232,,,,,,,,,,,,
0.8927366733551025,0.9894408583641052,0.6454293628808865,233,,,,,,,,,,,,
0.895039439201355,0.9787269234657288,0.6481994459833795,234,,,,,,,,,,,,
0.638938844203949,0.46513259410858154,0.6509695290858726,235,,,,,,,,,,,,
0.9073960781097412,1.153795838356018,0.6537396121883656,236,,,,,,,,,,,,
0.20346303284168243,1.233685851097107,0.6565096952908587,237,,,,,,,,,,,,
1.0792036056518555,0.6114311814308167,0.6592797783933518,238,,,,,,,,,,,,
1.6229214668273926,0.8419812321662903,0.6620498614958449,239,,,,,,,,,,,,
1.1966056823730469,1.3362098932266235,0.6648199445983379,240,,,,,,,,,,,,
0.9449917078018188,1.1661193370819092,0.667590027700831,241,,,,,,,,,,,,
0.667364776134491,0.7685483694076538,0.6703601108033241,242,,,,,,,,,,,,
0.5341078639030457,0.9524731636047363,0.6731301939058172,243,,,,,,,,,,,,
1.0830349922180176,1.1618977785110474,0.6759002770083102,244,,,,,,,,,,,,
1.1084589958190918,0.9790599346160889,0.6786703601108033,245,,,,,,,,,,,,
0.7672621011734009,0.604806661605835,0.6814404432132964,246,,,,,,,,,,,,
1.4068224430084229,1.303218126296997,0.6842105263157895,247,,,,,,,,,,,,
0.9475731253623962,0.988538920879364,0.6869806094182825,248,,,,,,,,,,,,
1.2222236394882202,1.0284678936004639,0.6897506925207756,249,,,,,,,,,,,,
,,0.6925207756232687,250,1.7906,42.601051330566406,1.5401662049861497e-05,,,,,,,,,
0.6135991215705872,0.28184589743614197,0.6925207756232687,250,,,,,,,,,,,,
,,0.6925207756232687,250,,,,1.6079868078231812,21.0969,29.293,3.697,,,,,
0.6930804252624512,0.6638097167015076,0.6952908587257618,251,,,,,,,,,,,,
0.7815611362457275,0.34732380509376526,0.6980609418282548,252,,,,,,,,,,,,
0.9421784281730652,0.8585947751998901,0.7008310249307479,253,,,,,,,,,,,,
0.5464360117912292,0.1407444328069687,0.703601108033241,254,,,,,,,,,,,,
0.7488526105880737,0.64524906873703,0.7063711911357341,255,,,,,,,,,,,,
0.7235289812088013,0.6270371675491333,0.7091412742382271,256,,,,,,,,,,,,
0.7749235033988953,0.40791019797325134,0.7119113573407202,257,,,,,,,,,,,,
0.88630211353302,1.1689324378967285,0.7146814404432132,258,,,,,,,,,,,,
0.7745915651321411,0.29204949736595154,0.7174515235457064,259,,,,,,,,,,,,
1.042908787727356,0.33608752489089966,0.7202216066481995,260,,,,,,,,,,,,
0.6767915487289429,0.4950476288795471,0.7229916897506925,261,,,,,,,,,,,,
1.4329382181167603,0.823368489742279,0.7257617728531855,262,,,,,,,,,,,,
0.9134517908096313,0.4079609215259552,0.7285318559556787,263,,,,,,,,,,,,
0.3368869423866272,1.1353520154953003,0.7313019390581718,264,,,,,,,,,,,,
0.7793260216712952,0.9028106927871704,0.7340720221606648,265,,,,,,,,,,,,
0.764872670173645,0.3652867376804352,0.7368421052631579,266,,,,,,,,,,,,
1.3313325643539429,0.8198506236076355,0.739612188365651,267,,,,,,,,,,,,
0.8323794603347778,1.1612014770507812,0.7423822714681441,268,,,,,,,,,,,,
0.7560532093048096,0.5224480032920837,0.7451523545706371,269,,,,,,,,,,,,
0.9689257740974426,0.32695522904396057,0.7479224376731302,270,,,,,,,,,,,,
0.989992618560791,1.0247441530227661,0.7506925207756233,271,,,,,,,,,,,,
0.8976148962974548,0.8867579102516174,0.7534626038781164,272,,,,,,,,,,,,
0.7347676157951355,1.0150220394134521,0.7562326869806094,273,,,,,,,,,,,,
1.1556017398834229,1.185836672782898,0.7590027700831025,274,,,,,,,,,,,,
1.4142543077468872,0.5105149745941162,0.7617728531855956,275,,,,,,,,,,,,
0.9647862911224365,0.9237315654754639,0.7645429362880887,276,,,,,,,,,,,,
0.5005232095718384,0.456328421831131,0.7673130193905817,277,,,,,,,,,,,,
0.6829391121864319,1.037215232849121,0.7700831024930748,278,,,,,,,,,,,,
0.6904764771461487,0.3095598816871643,0.7728531855955678,279,,,,,,,,,,,,
0.5511121153831482,1.2799296379089355,0.775623268698061,280,,,,,,,,,,,,
0.8182145357131958,0.6473864316940308,0.778393351800554,281,,,,,,,,,,,,
1.235103726387024,1.3766475915908813,0.7811634349030471,282,,,,,,,,,,,,
0.7935420870780945,0.9025022983551025,0.7839335180055401,283,,,,,,,,,,,,
0.9757513999938965,0.8874228000640869,0.7867036011080333,284,,,,,,,,,,,,
0.723700225353241,1.1357817649841309,0.7894736842105263,285,,,,,,,,,,,,
1.5003573894500732,0.838618278503418,0.7922437673130194,286,,,,,,,,,,,,
1.205263376235962,0.8271244168281555,0.7950138504155124,287,,,,,,,,,,,,
1.011926293373108,0.30441027879714966,0.7977839335180056,288,,,,,,,,,,,,
0.3616081774234772,0.4047798812389374,0.8005540166204986,289,,,,,,,,,,,,
1.4560800790786743,0.546733558177948,0.8033240997229917,290,,,,,,,,,,,,
0.8392997980117798,0.5806965231895447,0.8060941828254847,291,,,,,,,,,,,,
0.7154341340065002,0.8733335137367249,0.8088642659279779,292,,,,,,,,,,,,
1.0405105352401733,0.3705567717552185,0.8116343490304709,293,,,,,,,,,,,,
1.0392200946807861,0.8599792718887329,0.814404432132964,294,,,,,,,,,,,,
1.0238428115844727,0.5362310409545898,0.817174515235457,295,,,,,,,,,,,,
0.9439096450805664,0.7767069339752197,0.8199445983379502,296,,,,,,,,,,,,
0.5939042568206787,1.3852388858795166,0.8227146814404432,297,,,,,,,,,,,,
0.8384665250778198,0.782368540763855,0.8254847645429363,298,,,,,,,,,,,,
0.4080243706703186,0.9978924989700317,0.8282548476454293,299,,,,,,,,,,,,
,,0.8310249307479224,300,1.6322,32.19126510620117,1.4478301015697138e-05,,,,,,,,,
0.6761773824691772,0.41162747144699097,0.8310249307479224,300,,,,,,,,,,,,
,,0.8310249307479224,300,,,,1.4924973249435425,21.1249,29.255,3.692,,,,,
0.5514311790466309,0.7097986340522766,0.8337950138504155,301,,,,,,,,,,,,
0.6066009402275085,0.690669059753418,0.8365650969529086,302,,,,,,,,,,,,
0.6473126411437988,1.5750207901000977,0.8393351800554016,303,,,,,,,,,,,,
0.8203439712524414,1.29598867893219,0.8421052631578947,304,,,,,,,,,,,,
1.162578821182251,0.6287253499031067,0.8448753462603878,305,,,,,,,,,,,,
0.7355492115020752,0.6799613237380981,0.8476454293628809,306,,,,,,,,,,,,
0.5815039873123169,0.8275867104530334,0.850415512465374,307,,,,,,,,,,,,
0.954589307308197,0.4541146755218506,0.853185595567867,308,,,,,,,,,,,,
1.2101414203643799,0.7969090938568115,0.8559556786703602,309,,,,,,,,,,,,
1.4933849573135376,0.8393374681472778,0.8587257617728532,310,,,,,,,,,,,,
1.317754864692688,1.3739309310913086,0.8614958448753463,311,,,,,,,,,,,,
1.107385277748108,0.2861259877681732,0.8642659279778393,312,,,,,,,,,,,,
1.1087489128112793,0.4769437313079834,0.8670360110803325,313,,,,,,,,,,,,
1.1484520435333252,0.4517582952976227,0.8698060941828255,314,,,,,,,,,,,,
0.33616378903388977,0.37004759907722473,0.8725761772853186,315,,,,,,,,,,,,
1.1306147575378418,1.2161388397216797,0.8753462603878116,316,,,,,,,,,,,,
1.1600019931793213,0.7042516469955444,0.8781163434903048,317,,,,,,,,,,,,
0.2944379150867462,0.5301750898361206,0.8808864265927978,318,,,,,,,,,,,,
0.8029211759567261,0.7524338364601135,0.8836565096952909,319,,,,,,,,,,,,
0.8168669939041138,0.7127596735954285,0.8864265927977839,320,,,,,,,,,,,,
1.0642063617706299,0.46120843291282654,0.889196675900277,321,,,,,,,,,,,,
0.8559589385986328,0.37362098693847656,0.8919667590027701,322,,,,,,,,,,,,
0.8524100184440613,1.265781044960022,0.8947368421052632,323,,,,,,,,,,,,
0.4359021782875061,0.5810049772262573,0.8975069252077562,324,,,,,,,,,,,,
0.6424925327301025,0.38012027740478516,0.9002770083102493,325,,,,,,,,,,,,
0.7754892706871033,0.9173600673675537,0.9030470914127424,326,,,,,,,,,,,,
0.9362024068832397,0.6573283076286316,0.9058171745152355,327,,,,,,,,,,,,
1.3599246740341187,0.567657470703125,0.9085872576177285,328,,,,,,,,,,,,
1.0919345617294312,0.8039673566818237,0.9113573407202216,329,,,,,,,,,,,,
0.6060510277748108,0.26631972193717957,0.9141274238227147,330,,,,,,,,,,,,
1.4635993242263794,0.8842625021934509,0.9168975069252078,331,,,,,,,,,,,,
0.9870339632034302,0.6689974665641785,0.9196675900277008,332,,,,,,,,,,,,
0.9608484506607056,0.9116945266723633,0.9224376731301939,333,,,,,,,,,,,,
0.7392747402191162,0.509351372718811,0.925207756232687,334,,,,,,,,,,,,
0.5509299039840698,0.7053809762001038,0.9279778393351801,335,,,,,,,,,,,,
0.5478491187095642,0.46280279755592346,0.9307479224376731,336,,,,,,,,,,,,
0.9483340382575989,0.7869669795036316,0.9335180055401662,337,,,,,,,,,,,,
0.4203334450721741,1.2890784740447998,0.9362880886426593,338,,,,,,,,,,,,
1.4896559715270996,0.9431251883506775,0.9390581717451524,339,,,,,,,,,,,,
0.943290114402771,0.5640282034873962,0.9418282548476454,340,,,,,,,,,,,,
1.1043784618377686,1.3583940267562866,0.9445983379501385,341,,,,,,,,,,,,
0.890842080116272,0.3387469947338104,0.9473684210526315,342,,,,,,,,,,,,
0.9276722073554993,0.3223879039287567,0.9501385041551247,343,,,,,,,,,,,,
0.7332268953323364,0.9411917924880981,0.9529085872576177,344,,,,,,,,,,,,
0.9173542261123657,0.22320443391799927,0.9556786703601108,345,,,,,,,,,,,,
0.5004942417144775,0.28166893124580383,0.9584487534626038,346,,,,,,,,,,,,
1.2648084163665771,0.37469977140426636,0.961218836565097,347,,,,,,,,,,,,
0.8302721381187439,0.3295111358165741,0.96398891966759,348,,,,,,,,,,,,
0.8055417537689209,0.5640933513641357,0.9667590027700831,349,,,,,,,,,,,,
,,0.9695290858725761,350,1.5978,32.26787567138672,1.355493998153278e-05,,,,,,,,,
0.5422654151916504,0.25873833894729614,0.9695290858725761,350,,,,,,,,,,,,
,,0.9695290858725761,350,,,,1.4501063823699951,21.3358,28.965,3.656,,,,,
0.7967010736465454,1.4205607175827026,0.9722991689750693,351,,,,,,,,,,,,
1.1865780353546143,0.10494506359100342,0.9750692520775623,352,,,,,,,,,,,,
0.6190202832221985,1.5710020065307617,0.9778393351800554,353,,,,,,,,,,,,
0.862933337688446,1.6360456943511963,0.9806094182825484,354,,,,,,,,,,,,
0.8443885445594788,0.30626121163368225,0.9833795013850416,355,,,,,,,,,,,,
0.7217491865158081,1.411636471748352,0.9861495844875346,356,,,,,,,,,,,,
0.615298330783844,0.4586195647716522,0.9889196675900277,357,,,,,,,,,,,,
0.43032509088516235,0.5541275143623352,0.9916897506925207,358,,,,,,,,,,,,
0.5067567229270935,0.5917377471923828,0.9944598337950139,359,,,,,,,,,,,,
0.1556062549352646,0.27802446484565735,0.997229916897507,360,,,,,,,,,,,,
0.8834424018859863,0.3655232787132263,1.0,361,,,,,,,,,,,,
1.036259412765503,0.9711816310882568,1.002770083102493,362,,,,,,,,,,,,
1.4184722900390625,0.7959851026535034,1.005540166204986,363,,,,,,,,,,,,
0.4651910364627838,0.4205540120601654,1.0083102493074791,364,,,,,,,,,,,,
0.4553438723087311,0.3180035650730133,1.0110803324099722,365,,,,,,,,,,,,
0.42969849705696106,0.42870843410491943,1.0138504155124655,366,,,,,,,,,,,,
0.9383397102355957,0.8345432877540588,1.0166204986149585,367,,,,,,,,,,,,
0.4189169704914093,0.6619724631309509,1.0193905817174516,368,,,,,,,,,,,,
0.7294080853462219,0.8420697450637817,1.0221606648199446,369,,,,,,,,,,,,
1.2894437313079834,0.44761916995048523,1.0249307479224377,370,,,,,,,,,,,,
1.0388941764831543,0.6982485055923462,1.0277008310249307,371,,,,,,,,,,,,
1.0141568183898926,0.4386281371116638,1.0304709141274238,372,,,,,,,,,,,,
0.47532573342323303,0.5365854501724243,1.0332409972299168,373,,,,,,,,,,,,
0.5887418985366821,0.7447155714035034,1.03601108033241,374,,,,,,,,,,,,
0.4819067418575287,0.5821013450622559,1.0387811634349031,375,,,,,,,,,,,,
1.1060974597930908,0.3435770273208618,1.0415512465373962,376,,,,,,,,,,,,
0.8003153800964355,0.5043429732322693,1.0443213296398892,377,,,,,,,,,,,,
0.5898624062538147,0.3555346727371216,1.0470914127423823,378,,,,,,,,,,,,
0.980961799621582,0.9008299112319946,1.0498614958448753,379,,,,,,,,,,,,
0.4840864837169647,1.609692931175232,1.0526315789473684,380,,,,,,,,,,,,
1.3566474914550781,0.24870426952838898,1.0554016620498614,381,,,,,,,,,,,,
0.7694047093391418,0.21851177513599396,1.0581717451523547,382,,,,,,,,,,,,
0.8773938417434692,0.8300647735595703,1.0609418282548477,383,,,,,,,,,,,,
0.8057690262794495,1.3313308954238892,1.0637119113573408,384,,,,,,,,,,,,
1.2288261651992798,0.6437050700187683,1.0664819944598338,385,,,,,,,,,,,,
0.8365540504455566,0.4059036672115326,1.0692520775623269,386,,,,,,,,,,,,
1.1097283363342285,0.36384499073028564,1.07202216066482,387,,,,,,,,,,,,
0.34510812163352966,0.22036594152450562,1.074792243767313,388,,,,,,,,,,,,
0.7566578388214111,0.1252874732017517,1.077562326869806,389,,,,,,,,,,,,
0.41675734519958496,0.8425794839859009,1.080332409972299,390,,,,,,,,,,,,
0.8871572613716125,0.5927945375442505,1.0831024930747923,391,,,,,,,,,,,,
1.032631516456604,0.6942849159240723,1.0858725761772854,392,,,,,,,,,,,,
0.6661202907562256,0.7240289449691772,1.0886426592797784,393,,,,,,,,,,,,
0.7898320555686951,0.7681006193161011,1.0914127423822715,394,,,,,,,,,,,,
0.6356455683708191,0.3512456715106964,1.0941828254847645,395,,,,,,,,,,,,
0.8450864553451538,0.4031415581703186,1.0969529085872576,396,,,,,,,,,,,,
0.5169368386268616,0.22806064784526825,1.0997229916897506,397,,,,,,,,,,,,
1.0097358226776123,0.16822130978107452,1.1024930747922437,398,,,,,,,,,,,,
0.6104894280433655,0.783321738243103,1.1052631578947367,399,,,,,,,,,,,,
,,1.10803324099723,400,1.4085,28.053043365478516,1.263157894736842e-05,,,,,,,,,
0.5376937389373779,0.27730846405029297,1.10803324099723,400,,,,,,,,,,,,
,,1.10803324099723,400,,,,1.3611271381378174,21.7872,28.365,3.58,,,,,
0.4681864380836487,0.347137451171875,1.110803324099723,401,,,,,,,,,,,,
0.48102325201034546,1.0216140747070312,1.113573407202216,402,,,,,,,,,,,,
0.6816333532333374,0.48049068450927734,1.1163434903047091,403,,,,,,,,,,,,
0.9006654024124146,0.8136642575263977,1.1191135734072022,404,,,,,,,,,,,,
0.9833836555480957,0.8549602627754211,1.1218836565096952,405,,,,,,,,,,,,
0.611721396446228,0.7373247742652893,1.1246537396121883,406,,,,,,,,,,,,
0.5263628363609314,0.34387442469596863,1.1274238227146816,407,,,,,,,,,,,,
0.7413598895072937,0.12024515122175217,1.1301939058171746,408,,,,,,,,,,,,
1.1328628063201904,0.6304435133934021,1.1329639889196677,409,,,,,,,,,,,,
0.8742719888687134,0.9635334610939026,1.1357340720221607,410,,,,,,,,,,,,
0.9819372892379761,0.4274527430534363,1.1385041551246537,411,,,,,,,,,,,,
1.0750048160552979,0.41281259059906006,1.1412742382271468,412,,,,,,,,,,,,
0.8063691854476929,0.9106770753860474,1.1440443213296398,413,,,,,,,,,,,,
1.0307334661483765,0.7361658811569214,1.146814404432133,414,,,,,,,,,,,,
1.4133864641189575,0.630113959312439,1.149584487534626,415,,,,,,,,,,,,
0.6624660491943359,0.2344745695590973,1.1523545706371192,416,,,,,,,,,,,,
0.613000214099884,1.036507248878479,1.1551246537396123,417,,,,,,,,,,,,
0.5966434478759766,0.5263068675994873,1.1578947368421053,418,,,,,,,,,,,,
0.9414637684822083,0.8818293809890747,1.1606648199445984,419,,,,,,,,,,,,
0.9534211158752441,0.26851439476013184,1.1634349030470914,420,,,,,,,,,,,,
0.6319634914398193,0.5438295602798462,1.1662049861495845,421,,,,,,,,,,,,
0.4750599265098572,0.6478606462478638,1.1689750692520775,422,,,,,,,,,,,,
0.9449127316474915,0.3618301451206207,1.1717451523545706,423,,,,,,,,,,,,
0.3214559555053711,0.6531499624252319,1.1745152354570636,424,,,,,,,,,,,,
0.6425365209579468,0.7808597683906555,1.1772853185595569,425,,,,,,,,,,,,
0.786689281463623,0.3926224410533905,1.18005540166205,426,,,,,,,,,,,,
0.36548927426338196,0.6734800934791565,1.182825484764543,427,,,,,,,,,,,,
0.5722908973693848,0.16797824203968048,1.185595567867036,428,,,,,,,,,,,,
0.8655091524124146,0.20128092169761658,1.188365650969529,429,,,,,,,,,,,,
0.5441266894340515,0.8394822478294373,1.1911357340720221,430,,,,,,,,,,,,
0.5993450880050659,0.6784512400627136,1.1939058171745152,431,,,,,,,,,,,,
0.5930021405220032,0.78254234790802,1.1966759002770084,432,,,,,,,,,,,,
0.5946593284606934,1.0523350238800049,1.1994459833795015,433,,,,,,,,,,,,
0.8995691537857056,0.5170867443084717,1.2022160664819945,434,,,,,,,,,,,,
0.6327455639839172,0.4062795341014862,1.2049861495844876,435,,,,,,,,,,,,
0.6627286076545715,1.3872288465499878,1.2077562326869806,436,,,,,,,,,,,,
0.6963350772857666,0.07365832477807999,1.2105263157894737,437,,,,,,,,,,,,
0.7911571264266968,0.8593502044677734,1.2132963988919667,438,,,,,,,,,,,,
0.9960759878158569,0.9573164582252502,1.2160664819944598,439,,,,,,,,,,,,
0.3719345033168793,0.9314040541648865,1.2188365650969528,440,,,,,,,,,,,,
0.5677302479743958,0.6204781532287598,1.221606648199446,441,,,,,,,,,,,,
0.9246735572814941,0.31561580300331116,1.2243767313019391,442,,,,,,,,,,,,
0.8043478727340698,0.35717150568962097,1.2271468144044322,443,,,,,,,,,,,,
0.5795870423316956,0.11503257602453232,1.2299168975069252,444,,,,,,,,,,,,
0.18252907693386078,0.6690577268600464,1.2326869806094183,445,,,,,,,,,,,,
0.4469630718231201,0.18358083069324493,1.2354570637119113,446,,,,,,,,,,,,
0.7358996868133545,0.5109171867370605,1.2382271468144044,447,,,,,,,,,,,,
0.705014705657959,0.4400181770324707,1.2409972299168974,448,,,,,,,,,,,,
0.6617973446846008,0.33710798621177673,1.2437673130193905,449,,,,,,,,,,,,
,,1.2465373961218837,450,1.3004,20.42645263671875,1.1708217913204063e-05,,,,,,,,,
0.6648834943771362,0.334710031747818,1.2465373961218837,450,,,,,,,,,,,,
,,1.2465373961218837,450,,,,1.4086617231369019,21.5795,28.638,3.615,,,,,
1.0928075313568115,0.7739805579185486,1.2493074792243768,451,,,,,,,,,,,,
0.6089577674865723,0.5183485150337219,1.2520775623268698,452,,,,,,,,,,,,
0.5214629173278809,0.5994543433189392,1.254847645429363,453,,,,,,,,,,,,
0.5675762295722961,0.36548706889152527,1.257617728531856,454,,,,,,,,,,,,
0.9041028022766113,0.38621267676353455,1.260387811634349,455,,,,,,,,,,,,
0.30970215797424316,0.6838864684104919,1.263157894736842,456,,,,,,,,,,,,
1.0191583633422852,0.35609984397888184,1.2659279778393353,457,,,,,,,,,,,,
0.7688896059989929,0.07341306656599045,1.2686980609418281,458,,,,,,,,,,,,
0.6051349639892578,0.6730524301528931,1.2714681440443214,459,,,,,,,,,,,,
0.7189869284629822,0.8301383256912231,1.2742382271468145,460,,,,,,,,,,,,
0.8250318169593811,0.3210374712944031,1.2770083102493075,461,,,,,,,,,,,,
0.3379700779914856,0.35704147815704346,1.2797783933518005,462,,,,,,,,,,,,
0.938535749912262,1.1916824579238892,1.2825484764542936,463,,,,,,,,,,,,
0.8495060205459595,0.9213811755180359,1.2853185595567866,464,,,,,,,,,,,,
0.4599944055080414,0.6095415353775024,1.2880886426592797,465,,,,,,,,,,,,
0.8907173275947571,1.1872292757034302,1.290858725761773,466,,,,,,,,,,,,
0.25235074758529663,0.7159292101860046,1.293628808864266,467,,,,,,,,,,,,
1.4093818664550781,0.5327585339546204,1.296398891966759,468,,,,,,,,,,,,
1.0161861181259155,0.3938019573688507,1.299168975069252,469,,,,,,,,,,,,
0.3374685049057007,0.09072743356227875,1.3019390581717452,470,,,,,,,,,,,,
0.5749107003211975,1.071686863899231,1.3047091412742382,471,,,,,,,,,,,,
1.388527750968933,0.32561826705932617,1.3074792243767313,472,,,,,,,,,,,,
0.6621766090393066,0.8774410486221313,1.3102493074792243,473,,,,,,,,,,,,
0.4558759033679962,0.6222766637802124,1.3130193905817173,474,,,,,,,,,,,,
0.4818509817123413,0.5080022215843201,1.3157894736842106,475,,,,,,,,,,,,
0.5172467231750488,0.4361312985420227,1.3185595567867037,476,,,,,,,,,,,,
0.2769846022129059,1.2683141231536865,1.3213296398891967,477,,,,,,,,,,,,
1.4806795120239258,0.7324161529541016,1.3240997229916898,478,,,,,,,,,,,,
1.3323034048080444,1.242673635482788,1.3268698060941828,479,,,,,,,,,,,,
0.4863581657409668,0.8896229863166809,1.3296398891966759,480,,,,,,,,,,,,
0.5393978357315063,0.3636266589164734,1.332409972299169,481,,,,,,,,,,,,
0.4052754342556,0.3486287593841553,1.3351800554016622,482,,,,,,,,,,,,
0.8681538701057434,0.30952733755111694,1.337950138504155,483,,,,,,,,,,,,
0.45223695039749146,0.34443381428718567,1.3407202216066483,484,,,,,,,,,,,,
0.7775821685791016,0.5836988687515259,1.3434903047091413,485,,,,,,,,,,,,
0.9355888962745667,0.6881126761436462,1.3462603878116344,486,,,,,,,,,,,,
0.685875415802002,0.18858836591243744,1.3490304709141274,487,,,,,,,,,,,,
0.3986332416534424,0.4164579510688782,1.3518005540166205,488,,,,,,,,,,,,
0.8916686177253723,0.9877123236656189,1.3545706371191135,489,,,,,,,,,,,,
0.6412534117698669,0.62892746925354,1.3573407202216066,490,,,,,,,,,,,,
0.9405484795570374,0.9505692720413208,1.3601108033240998,491,,,,,,,,,,,,
1.178034782409668,0.6590738296508789,1.3628808864265927,492,,,,,,,,,,,,
0.19867829978466034,1.075073480606079,1.365650969529086,493,,,,,,,,,,,,
0.6683148145675659,0.5056171417236328,1.368421052631579,494,,,,,,,,,,,,
0.8240916728973389,0.4607607126235962,1.371191135734072,495,,,,,,,,,,,,
0.7117530107498169,0.2604612112045288,1.373961218836565,496,,,,,,,,,,,,
0.7307668924331665,0.12160555273294449,1.3767313019390581,497,,,,,,,,,,,,
1.3922576904296875,0.2714120149612427,1.3795013850415512,498,,,,,,,,,,,,
0.8037083148956299,0.21509002149105072,1.3822714681440442,499,,,,,,,,,,,,
,,1.3850415512465375,500,1.3252,17.476842880249023,1.0784856879039705e-05,,,,,,,,,
0.5264366865158081,0.31049269437789917,1.3850415512465375,500,,,,,,,,,,,,
,,1.3850415512465375,500,,,,1.3104337453842163,21.621,28.583,3.608,,,,,
0.5104440450668335,0.2602728605270386,1.3878116343490305,501,,,,,,,,,,,,
0.7537572383880615,0.21893928945064545,1.3905817174515236,502,,,,,,,,,,,,
0.9684329032897949,0.37641727924346924,1.3933518005540166,503,,,,,,,,,,,,
0.566987931728363,0.45798709988594055,1.3961218836565097,504,,,,,,,,,,,,
1.0435055494308472,1.1914440393447876,1.3988919667590027,505,,,,,,,,,,,,
1.0011638402938843,0.4733155071735382,1.4016620498614958,506,,,,,,,,,,,,
0.3068203330039978,0.3102700412273407,1.404432132963989,507,,,,,,,,,,,,
0.7279433012008667,0.36605557799339294,1.4072022160664819,508,,,,,,,,,,,,
0.5687425136566162,0.15935158729553223,1.4099722991689752,509,,,,,,,,,,,,
0.7506463527679443,0.40906867384910583,1.4127423822714682,510,,,,,,,,,,,,
0.6845584511756897,0.6733957529067993,1.4155124653739612,511,,,,,,,,,,,,
0.8582218885421753,0.27876904606819153,1.4182825484764543,512,,,,,,,,,,,,
0.7726539373397827,0.7610189914703369,1.4210526315789473,513,,,,,,,,,,,,
1.0019036531448364,0.17727428674697876,1.4238227146814404,514,,,,,,,,,,,,
1.1182904243469238,0.17158392071723938,1.4265927977839334,515,,,,,,,,,,,,
0.3546595871448517,0.5725134015083313,1.4293628808864267,516,,,,,,,,,,,,
1.0208457708358765,0.33040961623191833,1.4321329639889195,517,,,,,,,,,,,,
0.2082197070121765,0.27103206515312195,1.4349030470914128,518,,,,,,,,,,,,
0.7728151679039001,0.24173907935619354,1.4376731301939059,519,,,,,,,,,,,,
0.7901620864868164,0.4564284682273865,1.440443213296399,520,,,,,,,,,,,,
0.6322827339172363,0.2895243167877197,1.443213296398892,521,,,,,,,,,,,,
0.6849761009216309,0.27248311042785645,1.445983379501385,522,,,,,,,,,,,,
0.5096012949943542,0.5338854193687439,1.448753462603878,523,,,,,,,,,,,,
0.7153818607330322,0.36160778999328613,1.451523545706371,524,,,,,,,,,,,,
0.6162825226783752,0.38807639479637146,1.4542936288088644,525,,,,,,,,,,,,
0.5387383699417114,0.4186546802520752,1.4570637119113574,526,,,,,,,,,,,,
1.1513434648513794,0.2299005538225174,1.4598337950138505,527,,,,,,,,,,,,
1.2998610734939575,0.139259934425354,1.4626038781163435,528,,,,,,,,,,,,
0.4669461250305176,0.352569580078125,1.4653739612188366,529,,,,,,,,,,,,
0.5114977359771729,0.18385648727416992,1.4681440443213296,530,,,,,,,,,,,,
0.7349840402603149,0.9353567957878113,1.4709141274238227,531,,,,,,,,,,,,
0.8146694302558899,0.9970465302467346,1.4736842105263157,532,,,,,,,,,,,,
0.7210131883621216,0.8781286478042603,1.4764542936288088,533,,,,,,,,,,,,
0.6320854425430298,0.5834031105041504,1.479224376731302,534,,,,,,,,,,,,
1.2811939716339111,0.24449385702610016,1.481994459833795,535,,,,,,,,,,,,
0.6182936429977417,0.9976311326026917,1.4847645429362881,536,,,,,,,,,,,,
0.6903431415557861,0.7909941673278809,1.4875346260387812,537,,,,,,,,,,,,
0.7674826383590698,0.9087636470794678,1.4903047091412742,538,,,,,,,,,,,,
0.7726314067840576,0.6745951771736145,1.4930747922437673,539,,,,,,,,,,,,
0.34647008776664734,0.4899642765522003,1.4958448753462603,540,,,,,,,,,,,,
1.020564079284668,0.8009775280952454,1.4986149584487536,541,,,,,,,,,,,,
0.40647995471954346,0.18939851224422455,1.5013850415512464,542,,,,,,,,,,,,
0.9298067092895508,0.6999657154083252,1.5041551246537397,543,,,,,,,,,,,,
0.20533420145511627,0.8953942060470581,1.5069252077562327,544,,,,,,,,,,,,
0.5692211985588074,0.46171653270721436,1.5096952908587258,545,,,,,,,,,,,,
0.32962489128112793,0.6602701544761658,1.5124653739612188,546,,,,,,,,,,,,
0.8579520583152771,1.1803104877471924,1.5152354570637119,547,,,,,,,,,,,,
1.4603495597839355,0.4881725013256073,1.5180055401662051,548,,,,,,,,,,,,
0.8096808791160583,0.12817469239234924,1.520775623268698,549,,,,,,,,,,,,
,,1.5235457063711912,550,1.2252,14.053184509277344,9.861495844875348e-06,,,,,,,,,
0.48698389530181885,0.26016414165496826,1.5235457063711912,550,,,,,,,,,,,,
,,1.5235457063711912,550,,,,1.2563735246658325,21.7697,28.388,3.583,,,,,
0.4634760916233063,0.2224009484052658,1.526315789473684,551,,,,,,,,,,,,
0.6562924385070801,0.22084224224090576,1.5290858725761773,552,,,,,,,,,,,,
0.7941803932189941,0.6871476173400879,1.5318559556786704,553,,,,,,,,,,,,
0.7340901494026184,0.5385206937789917,1.5346260387811634,554,,,,,,,,,,,,
0.30243390798568726,0.7482116222381592,1.5373961218836565,555,,,,,,,,,,,,
0.7562091946601868,0.4657338261604309,1.5401662049861495,556,,,,,,,,,,,,
0.7679085731506348,0.7039515972137451,1.5429362880886428,557,,,,,,,,,,,,
0.7258346676826477,0.5349180102348328,1.5457063711911356,558,,,,,,,,,,,,
0.44426149129867554,0.49824288487434387,1.548476454293629,559,,,,,,,,,,,,
0.5662558078765869,0.3719508647918701,1.5512465373961217,560,,,,,,,,,,,,
1.2972630262374878,0.7301747798919678,1.554016620498615,561,,,,,,,,,,,,
0.5157991051673889,0.7304643392562866,1.556786703601108,562,,,,,,,,,,,,
1.24760901927948,0.4198921322822571,1.559556786703601,563,,,,,,,,,,,,
1.0812093019485474,0.1594448983669281,1.5623268698060941,564,,,,,,,,,,,,
0.7420981526374817,0.5209120512008667,1.5650969529085872,565,,,,,,,,,,,,
0.6234099268913269,0.10203199088573456,1.5678670360110805,566,,,,,,,,,,,,
0.6276435256004333,0.19246885180473328,1.5706371191135733,567,,,,,,,,,,,,
0.8253232836723328,0.23306863009929657,1.5734072022160666,568,,,,,,,,,,,,
0.6919860243797302,0.9325335621833801,1.5761772853185596,569,,,,,,,,,,,,
0.41855546832084656,0.628264307975769,1.5789473684210527,570,,,,,,,,,,,,
0.5652694702148438,0.24687324464321136,1.5817174515235457,571,,,,,,,,,,,,
0.5967897772789001,0.7609701156616211,1.5844875346260388,572,,,,,,,,,,,,
0.3403419256210327,0.3895530700683594,1.587257617728532,573,,,,,,,,,,,,
0.5461255311965942,0.6055225729942322,1.5900277008310248,574,,,,,,,,,,,,
0.762687087059021,0.6674319505691528,1.5927977839335181,575,,,,,,,,,,,,
1.1997556686401367,0.37714990973472595,1.595567867036011,576,,,,,,,,,,,,
0.8240247368812561,1.0490154027938843,1.5983379501385042,577,,,,,,,,,,,,
0.49962472915649414,0.6101157665252686,1.6011080332409973,578,,,,,,,,,,,,
0.6266955137252808,0.6266477108001709,1.6038781163434903,579,,,,,,,,,,,,
1.4423601627349854,0.0829053521156311,1.6066481994459834,580,,,,,,,,,,,,
0.8522322177886963,0.2682792544364929,1.6094182825484764,581,,,,,,,,,,,,
0.4161554276943207,0.7806054353713989,1.6121883656509697,582,,,,,,,,,,,,
0.6426897644996643,0.4539698660373688,1.6149584487534625,583,,,,,,,,,,,,
0.4184279441833496,0.695156455039978,1.6177285318559558,584,,,,,,,,,,,,
0.5490869879722595,0.4885193109512329,1.6204986149584486,585,,,,,,,,,,,,
0.5863147974014282,0.23741582036018372,1.6232686980609419,586,,,,,,,,,,,,
0.5431810617446899,0.49405041337013245,1.626038781163435,587,,,,,,,,,,,,
0.6843917965888977,0.6349295377731323,1.628808864265928,588,,,,,,,,,,,,
0.661289393901825,0.16995668411254883,1.631578947368421,589,,,,,,,,,,,,
0.26756566762924194,0.5457670092582703,1.634349030470914,590,,,,,,,,,,,,
0.2516894042491913,0.9172877073287964,1.6371191135734073,591,,,,,,,,,,,,
0.8194928765296936,1.3450531959533691,1.6398891966759002,592,,,,,,,,,,,,
0.3793245255947113,0.260091632604599,1.6426592797783934,593,,,,,,,,,,,,
0.9239435195922852,0.23896390199661255,1.6454293628808865,594,,,,,,,,,,,,
0.7610181570053101,1.3110966682434082,1.6481994459833795,595,,,,,,,,,,,,
0.9064198136329651,0.3955434262752533,1.6509695290858726,596,,,,,,,,,,,,
0.9413151741027832,0.22130687534809113,1.6537396121883656,597,,,,,,,,,,,,
0.93972247838974,0.4752746820449829,1.6565096952908587,598,,,,,,,,,,,,
0.47986385226249695,0.5165272951126099,1.6592797783933517,599,,,,,,,,,,,,
,,1.662049861495845,600,1.22,18.690105438232422,8.938134810710988e-06,,,,,,,,,
0.4247884750366211,0.15473459661006927,1.662049861495845,600,,,,,,,,,,,,
,,1.662049861495845,600,,,,1.2261500358581543,21.3177,28.99,3.659,,,,,
0.7902981042861938,0.8328036069869995,1.6648199445983378,601,,,,,,,,,,,,
0.687534511089325,0.4194262623786926,1.667590027700831,602,,,,,,,,,,,,
0.9204745888710022,0.26514342427253723,1.6703601108033241,603,,,,,,,,,,,,
0.8970484733581543,0.2675205171108246,1.6731301939058172,604,,,,,,,,,,,,
0.48774898052215576,0.20252001285552979,1.6759002770083102,605,,,,,,,,,,,,
0.9583037495613098,0.31953540444374084,1.6786703601108033,606,,,,,,,,,,,,
0.4520733952522278,1.0835360288619995,1.6814404432132966,607,,,,,,,,,,,,
0.800443172454834,0.674259603023529,1.6842105263157894,608,,,,,,,,,,,,
0.7698805332183838,0.22770051658153534,1.6869806094182827,609,,,,,,,,,,,,
0.6515839695930481,0.4622056484222412,1.6897506925207755,610,,,,,,,,,,,,
1.0491150617599487,0.6496701836585999,1.6925207756232687,611,,,,,,,,,,,,
0.6050485372543335,0.15402717888355255,1.6952908587257618,612,,,,,,,,,,,,
1.1471573114395142,0.45544523000717163,1.6980609418282548,613,,,,,,,,,,,,
1.0868990421295166,0.050831276923418045,1.700831024930748,614,,,,,,,,,,,,
0.5484970808029175,0.11155932396650314,1.703601108033241,615,,,,,,,,,,,,
1.0038530826568604,0.7051090002059937,1.7063711911357342,616,,,,,,,,,,,,
0.7536163926124573,0.19573959708213806,1.709141274238227,617,,,,,,,,,,,,
0.649229109287262,1.2406747341156006,1.7119113573407203,618,,,,,,,,,,,,
0.40492892265319824,0.36961719393730164,1.7146814404432131,619,,,,,,,,,,,,
1.2543261051177979,0.15100841224193573,1.7174515235457064,620,,,,,,,,,,,,
0.4762684106826782,0.39321309328079224,1.7202216066481995,621,,,,,,,,,,,,
0.7798288464546204,0.20867010951042175,1.7229916897506925,622,,,,,,,,,,,,
0.8584454655647278,0.3757396936416626,1.7257617728531855,623,,,,,,,,,,,,
0.38773399591445923,0.45942726731300354,1.7285318559556786,624,,,,,,,,,,,,
1.1065609455108643,1.1271456480026245,1.7313019390581719,625,,,,,,,,,,,,
0.8898149728775024,0.2344864159822464,1.7340720221606647,626,,,,,,,,,,,,
0.28515952825546265,0.35618722438812256,1.736842105263158,627,,,,,,,,,,,,
0.8591217994689941,0.10405012965202332,1.739612188365651,628,,,,,,,,,,,,
0.7468785643577576,0.8568685054779053,1.742382271468144,629,,,,,,,,,,,,
0.8617483377456665,0.23123964667320251,1.745152354570637,630,,,,,,,,,,,,
0.8814160227775574,0.28615614771842957,1.7479224376731302,631,,,,,,,,,,,,
0.41848841309547424,0.2415383756160736,1.7506925207756234,632,,,,,,,,,,,,
0.6998246908187866,0.09710583835840225,1.7534626038781163,633,,,,,,,,,,,,
1.2114756107330322,1.0685157775878906,1.7562326869806095,634,,,,,,,,,,,,
0.40713435411453247,0.33836519718170166,1.7590027700831024,635,,,,,,,,,,,,
0.46104854345321655,0.31676796078681946,1.7617728531855956,636,,,,,,,,,,,,
0.5150574445724487,1.5365288257598877,1.7645429362880887,637,,,,,,,,,,,,
1.2186832427978516,0.4561587870121002,1.7673130193905817,638,,,,,,,,,,,,
0.7289184331893921,0.36022764444351196,1.7700831024930748,639,,,,,,,,,,,,
0.6956226825714111,0.6159769296646118,1.7728531855955678,640,,,,,,,,,,,,
0.997916579246521,0.5090854167938232,1.775623268698061,641,,,,,,,,,,,,
0.7137486934661865,0.26290571689605713,1.778393351800554,642,,,,,,,,,,,,
0.48977309465408325,1.2193222045898438,1.7811634349030472,643,,,,,,,,,,,,
0.5338857769966125,0.5317391753196716,1.78393351800554,644,,,,,,,,,,,,
0.6383304595947266,1.5285788774490356,1.7867036011080333,645,,,,,,,,,,,,
0.7864493131637573,0.8786614537239075,1.7894736842105263,646,,,,,,,,,,,,
0.6208253502845764,0.38581788539886475,1.7922437673130194,647,,,,,,,,,,,,
0.25916099548339844,1.2682541608810425,1.7950138504155124,648,,,,,,,,,,,,
0.24978995323181152,0.5848203897476196,1.7977839335180055,649,,,,,,,,,,,,
,,1.8005540166204987,650,1.2706,24.670412063598633,8.01477377654663e-06,,,,,,,,,
0.43186455965042114,0.12073896080255508,1.8005540166204987,650,,,,,,,,,,,,
,,1.8005540166204987,650,,,,1.182366967201233,21.9748,28.123,3.55,,,,,
0.7099881172180176,0.1922319531440735,1.8033240997229916,651,,,,,,,,,,,,
1.2649726867675781,0.9399334192276001,1.8060941828254848,652,,,,,,,,,,,,
0.9967936277389526,0.29925060272216797,1.8088642659279779,653,,,,,,,,,,,,
0.7426893711090088,0.30629149079322815,1.811634349030471,654,,,,,,,,,,,,
0.7771493792533875,0.95965576171875,1.814404432132964,655,,,,,,,,,,,,
1.05876624584198,0.688674807548523,1.817174515235457,656,,,,,,,,,,,,
0.9535541534423828,0.2549917697906494,1.8199445983379503,657,,,,,,,,,,,,
1.1416852474212646,0.07826811820268631,1.8227146814404431,658,,,,,,,,,,,,
0.4725138247013092,0.4657617509365082,1.8254847645429364,659,,,,,,,,,,,,
0.5519347190856934,0.4152803421020508,1.8282548476454292,660,,,,,,,,,,,,
0.34655213356018066,0.8243043422698975,1.8310249307479225,661,,,,,,,,,,,,
0.27107200026512146,0.4652341306209564,1.8337950138504155,662,,,,,,,,,,,,
0.9265042543411255,0.8208644390106201,1.8365650969529086,663,,,,,,,,,,,,
0.8568717837333679,0.45391619205474854,1.8393351800554016,664,,,,,,,,,,,,
0.6885300278663635,1.3301410675048828,1.8421052631578947,665,,,,,,,,,,,,
0.6109667420387268,0.7534350752830505,1.844875346260388,666,,,,,,,,,,,,
0.9813297986984253,0.2998102903366089,1.8476454293628808,667,,,,,,,,,,,,
0.4472860097885132,0.3935078978538513,1.850415512465374,668,,,,,,,,,,,,
1.082855224609375,0.24751071631908417,1.8531855955678669,669,,,,,,,,,,,,
0.5369130373001099,0.7263133525848389,1.8559556786703602,670,,,,,,,,,,,,
0.8418748378753662,0.27930447459220886,1.8587257617728532,671,,,,,,,,,,,,
0.5745508670806885,0.695717453956604,1.8614958448753463,672,,,,,,,,,,,,
0.5167033672332764,0.34158408641815186,1.8642659279778393,673,,,,,,,,,,,,
0.13299459218978882,0.2453383058309555,1.8670360110803323,674,,,,,,,,,,,,
0.46232229471206665,0.30927354097366333,1.8698060941828256,675,,,,,,,,,,,,
0.6255218982696533,0.4095383584499359,1.8725761772853184,676,,,,,,,,,,,,
0.7955493330955505,0.7361164093017578,1.8753462603878117,677,,,,,,,,,,,,
0.6111397743225098,0.328033447265625,1.8781163434903048,678,,,,,,,,,,,,
0.7956857085227966,0.8352331519126892,1.8808864265927978,679,,,,,,,,,,,,
0.4483480155467987,0.43909069895744324,1.8836565096952909,680,,,,,,,,,,,,
0.6064647436141968,0.2890263795852661,1.886426592797784,681,,,,,,,,,,,,
0.5845212936401367,1.0324535369873047,1.889196675900277,682,,,,,,,,,,,,
0.6205405592918396,0.26424551010131836,1.89196675900277,683,,,,,,,,,,,,
0.614686906337738,0.4306725263595581,1.8947368421052633,684,,,,,,,,,,,,
0.26464590430259705,0.8515474200248718,1.897506925207756,685,,,,,,,,,,,,
0.501919686794281,0.8263930082321167,1.9002770083102494,686,,,,,,,,,,,,
0.596237301826477,0.12720763683319092,1.9030470914127424,687,,,,,,,,,,,,
0.5621427297592163,0.39270710945129395,1.9058171745152355,688,,,,,,,,,,,,
0.4738156199455261,0.1828605830669403,1.9085872576177285,689,,,,,,,,,,,,
0.3316721022129059,0.6885079145431519,1.9113573407202216,690,,,,,,,,,,,,
0.3961012661457062,0.5168837904930115,1.9141274238227148,691,,,,,,,,,,,,
0.7529036998748779,0.314558744430542,1.9168975069252077,692,,,,,,,,,,,,
0.9288736581802368,0.558552622795105,1.919667590027701,693,,,,,,,,,,,,
0.45382073521614075,0.8541618585586548,1.9224376731301938,694,,,,,,,,,,,,
0.37445077300071716,0.40643131732940674,1.925207756232687,695,,,,,,,,,,,,
0.24707511067390442,0.2684709429740906,1.92797783933518,696,,,,,,,,,,,,
0.3868212103843689,0.1527133285999298,1.9307479224376731,697,,,,,,,,,,,,
0.4819525182247162,0.8210054039955139,1.9335180055401662,698,,,,,,,,,,,,
0.9984850883483887,0.13378332555294037,1.9362880886426592,699,,,,,,,,,,,,
,,1.9390581717451525,700,1.1302,33.11762237548828,7.091412742382272e-06,,,,,,,,,
0.4403678774833679,0.22749388217926025,1.9390581717451525,700,,,,,,,,,,,,
,,1.9390581717451525,700,,,,1.1960601806640625,21.2877,29.031,3.664,,,,,
0.8119887113571167,0.301275372505188,1.9418282548476453,701,,,,,,,,,,,,
0.6372502446174622,0.0951184332370758,1.9445983379501386,702,,,,,,,,,,,,
0.7995011210441589,0.5089397430419922,1.9473684210526314,703,,,,,,,,,,,,
0.9480056762695312,0.5608481168746948,1.9501385041551247,704,,,,,,,,,,,,
1.1292965412139893,0.09801816940307617,1.9529085872576177,705,,,,,,,,,,,,
0.3461869955062866,0.2557690739631653,1.9556786703601108,706,,,,,,,,,,,,
0.320645272731781,1.4085190296173096,1.9584487534626038,707,,,,,,,,,,,,
1.077637791633606,0.7132725715637207,1.9612188365650969,708,,,,,,,,,,,,
0.46975088119506836,0.899705171585083,1.9639889196675901,709,,,,,,,,,,,,
0.6936425566673279,0.4377458095550537,1.966759002770083,710,,,,,,,,,,,,
0.793303906917572,0.17758722603321075,1.9695290858725762,711,,,,,,,,,,,,
1.2530032396316528,0.504916250705719,1.9722991689750693,712,,,,,,,,,,,,
0.9024527668952942,0.6653898358345032,1.9750692520775623,713,,,,,,,,,,,,
0.5478934645652771,0.4928474724292755,1.9778393351800554,714,,,,,,,,,,,,
1.2216343879699707,0.30534595251083374,1.9806094182825484,715,,,,,,,,,,,,
0.5992948412895203,0.7413089871406555,1.9833795013850417,716,,,,,,,,,,,,
0.5837433934211731,0.03926610201597214,1.9861495844875345,717,,,,,,,,,,,,
0.8832643032073975,0.665899932384491,1.9889196675900278,718,,,,,,,,,,,,
0.5448898673057556,0.23687714338302612,1.9916897506925206,719,,,,,,,,,,,,
0.27986979484558105,0.2014308124780655,1.994459833795014,720,,,,,,,,,,,,
0.02337716519832611,0.014376865699887276,1.997229916897507,721,,,,,,,,,,,,
1.2171870470046997,0.4564177989959717,2.0,722,,,,,,,,,,,,
0.28099530935287476,0.05559825897216797,2.0027700831024933,723,,,,,,,,,,,,
0.3000454306602478,0.26437291502952576,2.005540166204986,724,,,,,,,,,,,,
0.4743473529815674,0.2142890840768814,2.0083102493074794,725,,,,,,,,,,,,
0.30839645862579346,0.09140056371688843,2.011080332409972,726,,,,,,,,,,,,
1.1669228076934814,0.07743309438228607,2.0138504155124655,727,,,,,,,,,,,,
0.46743345260620117,0.1509365439414978,2.0166204986149583,728,,,,,,,,,,,,
0.7344325184822083,0.7123790979385376,2.0193905817174516,729,,,,,,,,,,,,
0.8083326816558838,0.2137971967458725,2.0221606648199444,730,,,,,,,,,,,,
0.42040589451789856,0.5654004216194153,2.0249307479224377,731,,,,,,,,,,,,
0.627161979675293,0.7581272125244141,2.027700831024931,732,,,,,,,,,,,,
0.47181999683380127,0.28480201959609985,2.0304709141274238,733,,,,,,,,,,,,
0.8454174995422363,0.3678360879421234,2.033240997229917,734,,,,,,,,,,,,
0.2721245586872101,0.3143496513366699,2.03601108033241,735,,,,,,,,,,,,
0.2595970332622528,0.04394898936152458,2.038781163434903,736,,,,,,,,,,,,
0.6140305399894714,0.084406778216362,2.041551246537396,737,,,,,,,,,,,,
0.31218695640563965,0.3555588722229004,2.044321329639889,738,,,,,,,,,,,,
0.26578712463378906,0.3463956415653229,2.0470914127423825,739,,,,,,,,,,,,
0.13369184732437134,0.17074589431285858,2.0498614958448753,740,,,,,,,,,,,,
0.3843756914138794,0.2298414260149002,2.0526315789473686,741,,,,,,,,,,,,
1.0595518350601196,0.04790931195020676,2.0554016620498614,742,,,,,,,,,,,,
0.6487185955047607,0.36678367853164673,2.0581717451523547,743,,,,,,,,,,,,
0.45197078585624695,0.05600384622812271,2.0609418282548475,744,,,,,,,,,,,,
0.3774157762527466,0.4040701687335968,2.063711911357341,745,,,,,,,,,,,,
0.5642364025115967,0.3224753439426422,2.0664819944598336,746,,,,,,,,,,,,
0.6375682950019836,0.22986923158168793,2.069252077562327,747,,,,,,,,,,,,
0.6918856501579285,0.10867992043495178,2.07202216066482,748,,,,,,,,,,,,
0.2966894507408142,0.5084402561187744,2.074792243767313,749,,,,,,,,,,,,
,,2.0775623268698062,750,0.9504,19.842933654785156,6.168051708217914e-06,,,,,,,,,
0.45586320757865906,0.10186518728733063,2.0775623268698062,750,,,,,,,,,,,,
,,2.0775623268698062,750,,,,1.2192801237106323,21.7989,28.35,3.578,,,,,
0.2231953740119934,0.11295753717422485,2.080332409972299,751,,,,,,,,,,,,
0.7011935114860535,0.17867416143417358,2.0831024930747923,752,,,,,,,,,,,,
0.8336068987846375,0.1272280365228653,2.085872576177285,753,,,,,,,,,,,,
0.24793408811092377,0.18341901898384094,2.0886426592797784,754,,,,,,,,,,,,
0.22318971157073975,0.1472204327583313,2.0914127423822713,755,,,,,,,,,,,,
0.7668732404708862,0.03528695926070213,2.0941828254847645,756,,,,,,,,,,,,
0.5358065366744995,0.07945457845926285,2.096952908587258,757,,,,,,,,,,,,
0.17363545298576355,0.12376043945550919,2.0997229916897506,758,,,,,,,,,,,,
0.5021334290504456,0.20946983993053436,2.102493074792244,759,,,,,,,,,,,,
0.8423839807510376,0.27773982286453247,2.1052631578947367,760,,,,,,,,,,,,
0.5039236545562744,0.11286509782075882,2.10803324099723,761,,,,,,,,,,,,
0.6741795539855957,0.4286710023880005,2.110803324099723,762,,,,,,,,,,,,
0.5872640609741211,0.4103220999240875,2.113573407202216,763,,,,,,,,,,,,
0.25702041387557983,0.48567521572113037,2.1163434903047094,764,,,,,,,,,,,,
0.908806562423706,0.13608255982398987,2.119113573407202,765,,,,,,,,,,,,
1.0826061964035034,0.09312474727630615,2.1218836565096955,766,,,,,,,,,,,,
0.5131700038909912,0.2847785949707031,2.1246537396121883,767,,,,,,,,,,,,
0.21231350302696228,0.17841362953186035,2.1274238227146816,768,,,,,,,,,,,,
0.4797823429107666,0.8760579824447632,2.1301939058171744,769,,,,,,,,,,,,
0.6643143892288208,0.1275450587272644,2.1329639889196677,770,,,,,,,,,,,,
0.44466331601142883,1.065446376800537,2.1357340720221605,771,,,,,,,,,,,,
0.8751745820045471,0.09649591147899628,2.1385041551246537,772,,,,,,,,,,,,
1.0958129167556763,0.18488158285617828,2.141274238227147,773,,,,,,,,,,,,
0.635494589805603,0.3152322471141815,2.14404432132964,774,,,,,,,,,,,,
0.2217985987663269,0.139911949634552,2.146814404432133,775,,,,,,,,,,,,
0.5464096069335938,0.5833582282066345,2.149584487534626,776,,,,,,,,,,,,
0.3940843641757965,0.25466981530189514,2.152354570637119,777,,,,,,,,,,,,
0.3952156901359558,0.1600845903158188,2.155124653739612,778,,,,,,,,,,,,
0.477177232503891,0.46796345710754395,2.1578947368421053,779,,,,,,,,,,,,
0.48781126737594604,0.6489987373352051,2.160664819944598,780,,,,,,,,,,,,
0.904772162437439,0.7361911535263062,2.1634349030470914,781,,,,,,,,,,,,
0.40316563844680786,0.3745284974575043,2.1662049861495847,782,,,,,,,,,,,,
0.6567281484603882,0.3591107130050659,2.1689750692520775,783,,,,,,,,,,,,
0.4836849272251129,0.06874503940343857,2.1717451523545708,784,,,,,,,,,,,,
0.19437237083911896,0.25402703881263733,2.1745152354570636,785,,,,,,,,,,,,
1.1506421566009521,0.2310701459646225,2.177285318559557,786,,,,,,,,,,,,
0.6229866743087769,0.08833229541778564,2.1800554016620497,787,,,,,,,,,,,,
0.647659957408905,0.1532890349626541,2.182825484764543,788,,,,,,,,,,,,
0.2409476786851883,0.644429087638855,2.1855955678670362,789,,,,,,,,,,,,
0.554696798324585,0.3767927289009094,2.188365650969529,790,,,,,,,,,,,,
0.7636011838912964,0.7981536388397217,2.1911357340720223,791,,,,,,,,,,,,
0.913429856300354,0.3336489796638489,2.193905817174515,792,,,,,,,,,,,,
0.8340767621994019,0.4408123195171356,2.1966759002770084,793,,,,,,,,,,,,
0.7373372316360474,0.2402479648590088,2.1994459833795013,794,,,,,,,,,,,,
0.2655654549598694,0.850893497467041,2.2022160664819945,795,,,,,,,,,,,,
0.4947320818901062,0.20015978813171387,2.2049861495844874,796,,,,,,,,,,,,
0.7801241874694824,0.11596500873565674,2.2077562326869806,797,,,,,,,,,,,,
0.938365638256073,0.15683875977993011,2.2105263157894735,798,,,,,,,,,,,,
0.42685800790786743,0.2650584578514099,2.2132963988919667,799,,,,,,,,,,,,
,,2.21606648199446,800,0.8826,15.949479103088379,5.244690674053555e-06,,,,,,,,,
0.38237449526786804,0.10088957101106644,2.21606648199446,800,,,,,,,,,,,,
,,2.21606648199446,800,,,,1.1963268518447876,21.4916,28.755,3.629,,,,,
0.8086854219436646,0.3225003480911255,2.218836565096953,801,,,,,,,,,,,,
0.49860769510269165,0.4037685990333557,2.221606648199446,802,,,,,,,,,,,,
0.3398094177246094,0.7395510673522949,2.224376731301939,803,,,,,,,,,,,,
0.5992817878723145,0.3924747407436371,2.227146814404432,804,,,,,,,,,,,,
0.5272958874702454,0.22230438888072968,2.229916897506925,805,,,,,,,,,,,,
0.6950653791427612,0.5075401663780212,2.2326869806094183,806,,,,,,,,,,,,
0.4165486693382263,0.87546706199646,2.2354570637119116,807,,,,,,,,,,,,
0.9403769969940186,0.0778140053153038,2.2382271468144044,808,,,,,,,,,,,,
0.8163647055625916,0.2843713164329529,2.2409972299168976,809,,,,,,,,,,,,
0.9728007316589355,0.04327297955751419,2.2437673130193905,810,,,,,,,,,,,,
0.7730190753936768,0.09291734546422958,2.2465373961218837,811,,,,,,,,,,,,
0.7350958585739136,0.11184397339820862,2.2493074792243766,812,,,,,,,,,,,,
0.5881167054176331,0.2579902410507202,2.25207756232687,813,,,,,,,,,,,,
0.11027973890304565,0.2690387964248657,2.254847645429363,814,,,,,,,,,,,,
0.8255387544631958,0.21511739492416382,2.257617728531856,815,,,,,,,,,,,,
0.38399529457092285,0.5514088869094849,2.260387811634349,816,,,,,,,,,,,,
0.6245556473731995,0.05141183361411095,2.263157894736842,817,,,,,,,,,,,,
1.2430188655853271,0.34792178869247437,2.2659279778393353,818,,,,,,,,,,,,
0.731220006942749,0.5754638910293579,2.268698060941828,819,,,,,,,,,,,,
0.9154725074768066,0.5719437003135681,2.2714681440443214,820,,,,,,,,,,,,
0.6440690755844116,0.5236716270446777,2.2742382271468142,821,,,,,,,,,,,,
0.34525737166404724,0.42471396923065186,2.2770083102493075,822,,,,,,,,,,,,
0.44723159074783325,1.3505154848098755,2.2797783933518003,823,,,,,,,,,,,,
0.9073761701583862,0.5153496861457825,2.2825484764542936,824,,,,,,,,,,,,
0.5178836584091187,0.580294668674469,2.285318559556787,825,,,,,,,,,,,,
0.6724320650100708,0.17228880524635315,2.2880886426592797,826,,,,,,,,,,,,
0.7492603063583374,0.9482176303863525,2.290858725761773,827,,,,,,,,,,,,
0.314731240272522,0.5607569813728333,2.293628808864266,828,,,,,,,,,,,,
0.8490320444107056,0.21876806020736694,2.296398891966759,829,,,,,,,,,,,,
0.649150013923645,0.7820966839790344,2.299168975069252,830,,,,,,,,,,,,
0.882851779460907,0.10515008121728897,2.301939058171745,831,,,,,,,,,,,,
0.40090814232826233,0.7688258290290833,2.3047091412742384,832,,,,,,,,,,,,
0.6514396071434021,0.1982341706752777,2.3074792243767313,833,,,,,,,,,,,,
0.25855860114097595,0.2161414921283722,2.3102493074792245,834,,,,,,,,,,,,
0.5081483125686646,0.37679523229599,2.3130193905817173,835,,,,,,,,,,,,
0.7191037535667419,0.05216822028160095,2.3157894736842106,836,,,,,,,,,,,,
0.10197825729846954,0.5411504507064819,2.3185595567867034,837,,,,,,,,,,,,
0.646506667137146,0.21469837427139282,2.3213296398891967,838,,,,,,,,,,,,
0.8850544095039368,0.4147706925868988,2.32409972299169,839,,,,,,,,,,,,
0.5731198787689209,0.26847678422927856,2.326869806094183,840,,,,,,,,,,,,
1.1202994585037231,0.5637637972831726,2.329639889196676,841,,,,,,,,,,,,
0.8555055856704712,0.6066943407058716,2.332409972299169,842,,,,,,,,,,,,
0.4307808578014374,0.6419095993041992,2.335180055401662,843,,,,,,,,,,,,
0.9203290939331055,0.6084333062171936,2.337950138504155,844,,,,,,,,,,,,
0.5454976558685303,0.0355299711227417,2.3407202216066483,845,,,,,,,,,,,,
0.38672560453414917,0.12680675089359283,2.343490304709141,846,,,,,,,,,,,,
0.6825079917907715,0.16721384227275848,2.3462603878116344,847,,,,,,,,,,,,
0.46545660495758057,0.4928978383541107,2.349030470914127,848,,,,,,,,,,,,
1.1066398620605469,1.0241563320159912,2.3518005540166205,849,,,,,,,,,,,,
,,2.3545706371191137,850,1.0775,44.65253448486328,4.321329639889197e-06,,,,,,,,,
0.36875486373901367,0.06914829462766647,2.3545706371191137,850,,,,,,,,,,,,
,,2.3545706371191137,850,,,,1.1485788822174072,23.583,26.205,3.307,,,,,
0.44855549931526184,0.03809557482600212,2.3573407202216066,851,,,,,,,,,,,,
0.9627237915992737,0.6309531927108765,2.3601108033241,852,,,,,,,,,,,,
0.5447155237197876,0.5897297263145447,2.3628808864265927,853,,,,,,,,,,,,
0.9356306791305542,0.28676894307136536,2.365650969529086,854,,,,,,,,,,,,
0.4966140389442444,0.3272118866443634,2.3684210526315788,855,,,,,,,,,,,,
0.25843703746795654,0.41891780495643616,2.371191135734072,856,,,,,,,,,,,,
0.10667233914136887,0.245919868350029,2.3739612188365653,857,,,,,,,,,,,,
0.7485644817352295,0.38624218106269836,2.376731301939058,858,,,,,,,,,,,,
0.35904717445373535,0.3354014754295349,2.3795013850415514,859,,,,,,,,,,,,
0.461335152387619,0.023301446810364723,2.3822714681440442,860,,,,,,,,,,,,
0.6313835978507996,0.12117660790681839,2.3850415512465375,861,,,,,,,,,,,,
0.9379989504814148,0.06502678245306015,2.3878116343490303,862,,,,,,,,,,,,
0.8699679374694824,0.2329224944114685,2.3905817174515236,863,,,,,,,,,,,,
0.7742189168930054,0.4432971179485321,2.393351800554017,864,,,,,,,,,,,,
0.48142215609550476,0.30106523633003235,2.3961218836565097,865,,,,,,,,,,,,
0.6153243780136108,0.12666286528110504,2.398891966759003,866,,,,,,,,,,,,
0.9396930932998657,0.06772194057703018,2.401662049861496,867,,,,,,,,,,,,
0.960387110710144,0.24961531162261963,2.404432132963989,868,,,,,,,,,,,,
0.5612214207649231,0.3651387095451355,2.407202216066482,869,,,,,,,,,,,,
0.6722411513328552,0.29101133346557617,2.409972299168975,870,,,,,,,,,,,,
1.1568800210952759,0.12552279233932495,2.412742382271468,871,,,,,,,,,,,,
0.3386712074279785,0.4411601126194,2.4155124653739612,872,,,,,,,,,,,,
1.035225510597229,0.6690725088119507,2.418282548476454,873,,,,,,,,,,,,
0.29197752475738525,0.1677919179201126,2.4210526315789473,874,,,,,,,,,,,,
0.8449916839599609,0.44496017694473267,2.4238227146814406,875,,,,,,,,,,,,
0.8171454071998596,0.40497148036956787,2.4265927977839334,876,,,,,,,,,,,,
0.8063876628875732,0.0629393681883812,2.4293628808864267,877,,,,,,,,,,,,
0.6453266143798828,0.16647526621818542,2.4321329639889195,878,,,,,,,,,,,,
0.29309961199760437,0.38432222604751587,2.434903047091413,879,,,,,,,,,,,,
0.4280940592288971,0.3072756230831146,2.4376731301939056,880,,,,,,,,,,,,
0.3452453911304474,0.19481106102466583,2.440443213296399,881,,,,,,,,,,,,
0.7748744487762451,0.04346592724323273,2.443213296398892,882,,,,,,,,,,,,
0.3370196521282196,0.25187188386917114,2.445983379501385,883,,,,,,,,,,,,
0.9141812324523926,0.7342352271080017,2.4487534626038783,884,,,,,,,,,,,,
0.506361186504364,0.70905601978302,2.451523545706371,885,,,,,,,,,,,,
0.8436487317085266,0.5251535773277283,2.4542936288088644,886,,,,,,,,,,,,
0.2667785882949829,0.27711212635040283,2.457063711911357,887,,,,,,,,,,,,
0.6196847558021545,0.3887621760368347,2.4598337950138505,888,,,,,,,,,,,,
0.685303807258606,0.4123592972755432,2.4626038781163437,889,,,,,,,,,,,,
0.3613941967487335,0.17413891851902008,2.4653739612188366,890,,,,,,,,,,,,
0.6752537488937378,0.15048524737358093,2.46814404432133,891,,,,,,,,,,,,
0.3406432867050171,0.390646368265152,2.4709141274238227,892,,,,,,,,,,,,
0.4275689125061035,0.2559446692466736,2.473684210526316,893,,,,,,,,,,,,
0.6606963872909546,0.1260014921426773,2.4764542936288088,894,,,,,,,,,,,,
0.35040783882141113,0.16613373160362244,2.479224376731302,895,,,,,,,,,,,,
0.9995424151420593,0.09903933852910995,2.481994459833795,896,,,,,,,,,,,,
0.747894823551178,0.5232251882553101,2.484764542936288,897,,,,,,,,,,,,
0.3876749873161316,0.22934913635253906,2.487534626038781,898,,,,,,,,,,,,
1.0795921087265015,0.10954491794109344,2.490304709141274,899,,,,,,,,,,,,
,,2.4930747922437675,900,0.922,25.952119827270508,3.3979686057248385e-06,,,,,,,,,
0.44337791204452515,0.10026071965694427,2.4930747922437675,900,,,,,,,,,,,,
,,2.4930747922437675,900,,,,1.1312376260757446,21.6296,28.572,3.606,,,,,
0.5688596963882446,0.6459603905677795,2.4958448753462603,901,,,,,,,,,,,,
0.3796810805797577,0.6435145139694214,2.4986149584487536,902,,,,,,,,,,,,
0.298524409532547,0.17699433863162994,2.5013850415512464,903,,,,,,,,,,,,
0.7809717059135437,0.41728997230529785,2.5041551246537397,904,,,,,,,,,,,,
0.7744043469429016,0.058520738035440445,2.5069252077562325,905,,,,,,,,,,,,
0.869680643081665,0.3928806483745575,2.509695290858726,906,,,,,,,,,,,,
0.7608091235160828,0.21365158259868622,2.512465373961219,907,,,,,,,,,,,,
0.5032861232757568,0.38887912034988403,2.515235457063712,908,,,,,,,,,,,,
0.32905060052871704,0.13342337310314178,2.518005540166205,909,,,,,,,,,,,,
0.5360324382781982,0.3783571422100067,2.520775623268698,910,,,,,,,,,,,,
0.12498819082975388,0.472180038690567,2.5235457063711912,911,,,,,,,,,,,,
0.42337721586227417,0.6915915608406067,2.526315789473684,912,,,,,,,,,,,,
0.2756153643131256,0.18190813064575195,2.5290858725761773,913,,,,,,,,,,,,
0.7763563394546509,0.06639548391103745,2.5318559556786706,914,,,,,,,,,,,,
0.3629807233810425,0.8532818555831909,2.5346260387811634,915,,,,,,,,,,,,
0.9417583346366882,0.3398900628089905,2.5373961218836563,916,,,,,,,,,,,,
0.63848876953125,0.2119525671005249,2.5401662049861495,917,,,,,,,,,,,,
0.658515989780426,0.11696912348270416,2.542936288088643,918,,,,,,,,,,,,
0.298624187707901,0.24770580232143402,2.5457063711911356,919,,,,,,,,,,,,
0.6732192039489746,0.36606326699256897,2.548476454293629,920,,,,,,,,,,,,
0.6758632659912109,0.40131619572639465,2.5512465373961217,921,,,,,,,,,,,,
0.5845248699188232,0.31023329496383667,2.554016620498615,922,,,,,,,,,,,,
0.9331586956977844,0.10572943091392517,2.556786703601108,923,,,,,,,,,,,,
0.43361833691596985,0.17435333132743835,2.559556786703601,924,,,,,,,,,,,,
1.225486397743225,0.16139273345470428,2.5623268698060944,925,,,,,,,,,,,,
0.3428550958633423,0.08016863465309143,2.565096952908587,926,,,,,,,,,,,,
0.3844536244869232,0.5830867290496826,2.5678670360110805,927,,,,,,,,,,,,
0.3425339162349701,0.14012731611728668,2.5706371191135733,928,,,,,,,,,,,,
0.5980774164199829,0.30200403928756714,2.5734072022160666,929,,,,,,,,,,,,
0.4635416269302368,0.3369532823562622,2.5761772853185594,930,,,,,,,,,,,,
0.5752784609794617,0.09139218926429749,2.5789473684210527,931,,,,,,,,,,,,
0.8921110033988953,0.7345429062843323,2.581717451523546,932,,,,,,,,,,,,
0.9756352305412292,0.4563441872596741,2.5844875346260388,933,,,,,,,,,,,,
0.37591496109962463,0.23586346209049225,2.587257617728532,934,,,,,,,,,,,,
0.40015265345573425,0.09964140504598618,2.590027700831025,935,,,,,,,,,,,,
0.3723483681678772,0.5083197951316833,2.592797783933518,936,,,,,,,,,,,,
0.7222931385040283,0.4286208748817444,2.595567867036011,937,,,,,,,,,,,,
0.7032425403594971,0.1779855489730835,2.598337950138504,938,,,,,,,,,,,,
0.4929119348526001,0.349691778421402,2.6011080332409975,939,,,,,,,,,,,,
0.7289996147155762,0.20365707576274872,2.6038781163434903,940,,,,,,,,,,,,
0.4178077280521393,1.2985903024673462,2.606648199445983,941,,,,,,,,,,,,
0.6840016841888428,0.09199530631303787,2.6094182825484764,942,,,,,,,,,,,,
0.6609456539154053,0.23564764857292175,2.6121883656509697,943,,,,,,,,,,,,
0.7028164863586426,0.26534557342529297,2.6149584487534625,944,,,,,,,,,,,,
0.7783693671226501,0.13418413698673248,2.6177285318559558,945,,,,,,,,,,,,
0.5363457202911377,0.3986814320087433,2.6204986149584486,946,,,,,,,,,,,,
0.37879514694213867,0.10894928127527237,2.623268698060942,947,,,,,,,,,,,,
0.4827403426170349,0.08429363369941711,2.6260387811634347,948,,,,,,,,,,,,
0.48042264580726624,0.09770295023918152,2.628808864265928,949,,,,,,,,,,,,
,,2.6315789473684212,950,0.8975,15.321577072143555,2.4746075715604805e-06,,,,,,,,,
0.45334815979003906,0.09725804626941681,2.6315789473684212,950,,,,,,,,,,,,
,,2.6315789473684212,950,,,,1.144962191581726,21.3946,28.886,3.646,,,,,
0.483734130859375,0.249034121632576,2.634349030470914,951,,,,,,,,,,,,
0.29714447259902954,0.4267318546772003,2.6371191135734073,952,,,,,,,,,,,,
0.8965039253234863,0.6061404347419739,2.6398891966759,953,,,,,,,,,,,,
1.3911666870117188,0.12383624911308289,2.6426592797783934,954,,,,,,,,,,,,
0.46276354789733887,0.5253269672393799,2.6454293628808863,955,,,,,,,,,,,,
1.0043227672576904,0.774728000164032,2.6481994459833795,956,,,,,,,,,,,,
0.6818891167640686,0.34940341114997864,2.650969529085873,957,,,,,,,,,,,,
0.592278778553009,0.40776097774505615,2.6537396121883656,958,,,,,,,,,,,,
0.4086940884590149,0.8763015866279602,2.6565096952908585,959,,,,,,,,,,,,
0.8080284595489502,0.4993053376674652,2.6592797783933517,960,,,,,,,,,,,,
0.25789371132850647,0.1625501960515976,2.662049861495845,961,,,,,,,,,,,,
0.2648559808731079,0.2116713523864746,2.664819944598338,962,,,,,,,,,,,,
0.3843216001987457,0.06191661208868027,2.667590027700831,963,,,,,,,,,,,,
0.47553592920303345,0.3264499306678772,2.6703601108033244,964,,,,,,,,,,,,
0.5580630302429199,0.20758239924907684,2.673130193905817,965,,,,,,,,,,,,
0.7463641166687012,0.07434025406837463,2.67590027700831,966,,,,,,,,,,,,
0.685077428817749,0.02834148146212101,2.6786703601108033,967,,,,,,,,,,,,
0.3272840678691864,0.6157047152519226,2.6814404432132966,968,,,,,,,,,,,,
0.5679394006729126,0.2649664580821991,2.6842105263157894,969,,,,,,,,,,,,
0.22723573446273804,0.4745817482471466,2.6869806094182827,970,,,,,,,,,,,,
0.3195773661136627,0.10910695046186447,2.6897506925207755,971,,,,,,,,,,,,
0.46524369716644287,0.17240449786186218,2.6925207756232687,972,,,,,,,,,,,,
0.3302234411239624,0.6893213987350464,2.6952908587257616,973,,,,,,,,,,,,
0.3616061508655548,0.3460027873516083,2.698060941828255,974,,,,,,,,,,,,
0.0721915066242218,0.0633983165025711,2.700831024930748,975,,,,,,,,,,,,
0.7504404187202454,0.6189865469932556,2.703601108033241,976,,,,,,,,,,,,
0.6338924169540405,0.22395704686641693,2.706371191135734,977,,,,,,,,,,,,
0.6112461090087891,0.3542115092277527,2.709141274238227,978,,,,,,,,,,,,
0.5418030023574829,0.03883260488510132,2.7119113573407203,979,,,,,,,,,,,,
0.3374907374382019,0.1727229505777359,2.714681440443213,980,,,,,,,,,,,,
1.0844348669052124,0.5464877486228943,2.7174515235457064,981,,,,,,,,,,,,
0.24327963590621948,0.17771442234516144,2.7202216066481997,982,,,,,,,,,,,,
0.6308687329292297,0.4256754517555237,2.7229916897506925,983,,,,,,,,,,,,
0.7390456795692444,0.45559826493263245,2.7257617728531853,984,,,,,,,,,,,,
0.6610215902328491,0.1310514509677887,2.7285318559556786,985,,,,,,,,,,,,
0.15563304722309113,0.04689221829175949,2.731301939058172,986,,,,,,,,,,,,
0.5077797770500183,0.07181366533041,2.7340720221606647,987,,,,,,,,,,,,
1.1492048501968384,0.6753843426704407,2.736842105263158,988,,,,,,,,,,,,
0.5241093635559082,0.4876817762851715,2.7396121883656512,989,,,,,,,,,,,,
0.9573678970336914,0.14832259714603424,2.742382271468144,990,,,,,,,,,,,,
0.6558852791786194,0.2039240598678589,2.745152354570637,991,,,,,,,,,,,,
0.47814369201660156,0.5191735029220581,2.74792243767313,992,,,,,,,,,,,,
0.43101766705513,0.6623483896255493,2.7506925207756234,993,,,,,,,,,,,,
0.8114652633666992,0.12295807898044586,2.7534626038781163,994,,,,,,,,,,,,
0.2712579369544983,0.04536832123994827,2.7562326869806095,995,,,,,,,,,,,,
0.45828914642333984,0.13389943540096283,2.7590027700831024,996,,,,,,,,,,,,
0.4533991813659668,0.1689760386943817,2.7617728531855956,997,,,,,,,,,,,,
0.6147233247756958,0.163640558719635,2.7645429362880884,998,,,,,,,,,,,,
0.2701679468154907,0.3704439401626587,2.7673130193905817,999,,,,,,,,,,,,
,,2.770083102493075,1000,0.8674,26.656030654907227,1.551246537396122e-06,,,,,,,,,
0.40262317657470703,0.10405348241329193,2.770083102493075,1000,,,,,,,,,,,,
,,2.770083102493075,1000,,,,1.1266566514968872,21.3262,28.978,3.657,,,,,
0.5446585416793823,0.7675036191940308,2.772853185595568,1001,,,,,,,,,,,,
0.38345837593078613,0.2669289708137512,2.775623268698061,1002,,,,,,,,,,,,
0.36141833662986755,0.4593335688114166,2.778393351800554,1003,,,,,,,,,,,,
0.5849170684814453,0.2634105980396271,2.781163434903047,1004,,,,,,,,,,,,
0.574920117855072,0.8794217109680176,2.78393351800554,1005,,,,,,,,,,,,
0.6144672632217407,0.5839499831199646,2.7867036011080333,1006,,,,,,,,,,,,
0.37647101283073425,0.06574787944555283,2.7894736842105265,1007,,,,,,,,,,,,
0.5790263414382935,0.13239862024784088,2.7922437673130194,1008,,,,,,,,,,,,
0.8716834187507629,0.12841224670410156,2.795013850415512,1009,,,,,,,,,,,,
0.5639470219612122,0.3184068202972412,2.7977839335180055,1010,,,,,,,,,,,,
0.7523665428161621,0.9862877726554871,2.8005540166204987,1011,,,,,,,,,,,,
0.2030145525932312,0.10354410111904144,2.8033240997229916,1012,,,,,,,,,,,,
0.24579894542694092,0.05695805698633194,2.806094182825485,1013,,,,,,,,,,,,
0.503139853477478,0.02837267331779003,2.808864265927978,1014,,,,,,,,,,,,
0.43412503600120544,0.2534583806991577,2.811634349030471,1015,,,,,,,,,,,,
0.6105301380157471,0.13726486265659332,2.8144044321329638,1016,,,,,,,,,,,,
1.441615343093872,0.4299243986606598,2.817174515235457,1017,,,,,,,,,,,,
0.4714422821998596,0.4324644207954407,2.8199445983379503,1018,,,,,,,,,,,,
0.6605681777000427,0.272875040769577,2.822714681440443,1019,,,,,,,,,,,,
0.43435561656951904,0.26703742146492004,2.8254847645429364,1020,,,,,,,,,,,,
0.1779230237007141,0.09397061914205551,2.8282548476454292,1021,,,,,,,,,,,,
0.6869339942932129,0.3499550521373749,2.8310249307479225,1022,,,,,,,,,,,,
0.37775614857673645,0.2237887978553772,2.8337950138504153,1023,,,,,,,,,,,,
0.32113730907440186,0.5830745100975037,2.8365650969529086,1024,,,,,,,,,,,,
0.9533177614212036,0.21905262768268585,2.839335180055402,1025,,,,,,,,,,,,
0.6618736386299133,0.18538324534893036,2.8421052631578947,1026,,,,,,,,,,,,
0.5079910159111023,1.0318742990493774,2.844875346260388,1027,,,,,,,,,,,,
0.6063222289085388,0.8108094930648804,2.847645429362881,1028,,,,,,,,,,,,
0.9056546688079834,0.13611963391304016,2.850415512465374,1029,,,,,,,,,,,,
0.6959273219108582,0.24907062947750092,2.853185595567867,1030,,,,,,,,,,,,
0.5033586621284485,0.16342955827713013,2.85595567867036,1031,,,,,,,,,,,,
1.1030439138412476,0.3003181517124176,2.8587257617728534,1032,,,,,,,,,,,,
0.7139376401901245,0.11744913458824158,2.8614958448753463,1033,,,,,,,,,,,,
0.7587758302688599,0.44638746976852417,2.864265927977839,1034,,,,,,,,,,,,
0.4294251501560211,0.2043352723121643,2.8670360110803323,1035,,,,,,,,,,,,
0.5560803413391113,0.27414944767951965,2.8698060941828256,1036,,,,,,,,,,,,
0.5389933586120605,0.11182503402233124,2.8725761772853184,1037,,,,,,,,,,,,
0.3544316291809082,0.06355646252632141,2.8753462603878117,1038,,,,,,,,,,,,
0.3059917986392975,0.13063424825668335,2.878116343490305,1039,,,,,,,,,,,,
1.284272313117981,0.9063783288002014,2.880886426592798,1040,,,,,,,,,,,,
0.4651796817779541,0.08925255388021469,2.8836565096952906,1041,,,,,,,,,,,,
0.7551655173301697,0.24153752624988556,2.886426592797784,1042,,,,,,,,,,,,
1.3017547130584717,0.030378729104995728,2.889196675900277,1043,,,,,,,,,,,,
0.5589312314987183,0.16711388528347015,2.89196675900277,1044,,,,,,,,,,,,
0.2576841115951538,0.17141588032245636,2.8947368421052633,1045,,,,,,,,,,,,
0.6187567710876465,0.4630487561225891,2.897506925207756,1046,,,,,,,,,,,,
0.5364099144935608,0.08775146305561066,2.9002770083102494,1047,,,,,,,,,,,,
1.1833058595657349,0.05221369490027428,2.903047091412742,1048,,,,,,,,,,,,
0.42026928067207336,0.11658633500337601,2.9058171745152355,1049,,,,,,,,,,,,
,,2.9085872576177287,1050,0.9052,14.614102363586426,6.278855032317637e-07,,,,,,,,,
0.3657611608505249,0.08982555568218231,2.9085872576177287,1050,,,,,,,,,,,,
,,2.9085872576177287,1050,,,,1.1288007497787476,21.5946,28.618,3.612,,,,,
0.4111216068267822,0.09856370091438293,2.9113573407202216,1051,,,,,,,,,,,,
0.6003763675689697,0.12693694233894348,2.914127423822715,1052,,,,,,,,,,,,
0.5901579856872559,0.4765113592147827,2.9168975069252077,1053,,,,,,,,,,,,
1.1385128498077393,0.22357779741287231,2.919667590027701,1054,,,,,,,,,,,,
0.3019518554210663,0.03903090953826904,2.9224376731301938,1055,,,,,,,,,,,,
1.0435593128204346,0.06976540386676788,2.925207756232687,1056,,,,,,,,,,,,
0.8622426390647888,0.08109905570745468,2.9279778393351803,1057,,,,,,,,,,,,
0.7732748985290527,0.08445341885089874,2.930747922437673,1058,,,,,,,,,,,,
0.45353466272354126,0.2065390646457672,2.933518005540166,1059,,,,,,,,,,,,
0.3056209981441498,0.13563096523284912,2.936288088642659,1060,,,,,,,,,,,,
0.5487169623374939,0.7802576422691345,2.9390581717451525,1061,,,,,,,,,,,,
0.44321373105049133,0.14362141489982605,2.9418282548476453,1062,,,,,,,,,,,,
0.8379274606704712,0.3009720742702484,2.9445983379501386,1063,,,,,,,,,,,,
1.2278966903686523,0.49320271611213684,2.9473684210526314,1064,,,,,,,,,,,,
0.5426732897758484,0.5279775857925415,2.9501385041551247,1065,,,,,,,,,,,,
1.0339688062667847,0.518278956413269,2.9529085872576175,1066,,,,,,,,,,,,
0.2965504229068756,0.17483432590961456,2.955678670360111,1067,,,,,,,,,,,,
0.3738548159599304,0.14081957936286926,2.958448753462604,1068,,,,,,,,,,,,
0.48866409063339233,0.039594974368810654,2.961218836565097,1069,,,,,,,,,,,,
0.8949443101882935,0.11044128984212875,2.96398891966759,1070,,,,,,,,,,,,
0.5627775192260742,0.06289364397525787,2.966759002770083,1071,,,,,,,,,,,,
0.3518868684768677,0.6680331230163574,2.9695290858725762,1072,,,,,,,,,,,,
0.22224070131778717,0.47877237200737,2.972299168975069,1073,,,,,,,,,,,,
0.3498401343822479,0.2991880476474762,2.9750692520775623,1074,,,,,,,,,,,,
0.5074970722198486,0.12354647368192673,2.9778393351800556,1075,,,,,,,,,,,,
0.7044639587402344,0.20788200199604034,2.9806094182825484,1076,,,,,,,,,,,,
0.9796289205551147,0.44618460536003113,2.9833795013850417,1077,,,,,,,,,,,,
0.40709808468818665,0.070646733045578,2.9861495844875345,1078,,,,,,,,,,,,
0.499104380607605,0.33640244603157043,2.988919667590028,1079,,,,,,,,,,,,
0.3176419734954834,0.17170460522174835,2.9916897506925206,1080,,,,,,,,,,,,
0.514121413230896,0.06431777775287628,2.994459833795014,1081,,,,,,,,,,,,
0.5498107075691223,0.2513497471809387,2.997229916897507,1082,,,,,,,,,,,,
,,3.0,1083,,,,,,,,3388.7406,2.551,0.32,0.0,1.4127482610616218
